Round,ClientIndex,ExecutionTimeSeconds
0,0,10.119877
0,1,6.213811
0,2,10.486455
0,3,7.442724
0,4,9.623039
1,0,6.177953
1,1,7.836665
1,2,13.368444
1,3,5.905406
1,4,7.508206
2,0,1.341648
2,1,7.662943
2,2,6.092102
2,3,13.278435
2,4,4.672042
3,0,6.188713
3,1,1.329376
3,2,4.752657
3,3,13.190449
3,4,5.861612
4,0,7.257800
4,1,5.877006
4,2,4.646000
4,3,1.323614
4,4,13.212299
5,0,7.656656
5,1,9.675297
5,2,7.240597
5,3,5.895629
5,4,8.716971
6,0,5.822293
6,1,4.626387
6,2,8.734096
6,3,9.562239
6,4,6.093025
7,0,13.642276
7,1,1.365947
7,2,7.681589
7,3,8.633828
7,4,4.638455
8,0,13.214536
8,1,1.299906
8,2,4.675114
8,3,5.783987
8,4,7.037369
9,0,5.768640
9,1,1.281014
9,2,9.391845
9,3,4.613687
9,4,7.181162
10,0,8.592124
10,1,9.338326
10,2,12.922175
10,3,1.279748
10,4,4.538753
11,0,4.548767
11,1,9.390640
11,2,1.305574
11,3,7.817208
11,4,13.322427
12,0,7.515539
12,1,12.980120
12,2,7.078948
12,3,5.968772
12,4,5.772161
13,0,7.089638
13,1,13.072501
13,2,4.596619
13,3,8.449440
13,4,5.710667
14,0,8.472680
14,1,7.100899
14,2,9.425857
14,3,6.036623
14,4,12.918320
15,0,10.062100
15,1,5.772041
15,2,4.586543
15,3,13.099386
15,4,1.283123
16,0,9.325714
16,1,1.274078
16,2,7.601652
16,3,13.049811
16,4,5.772465
17,0,10.113813
17,1,7.540316
17,2,5.992269
17,3,7.132841
17,4,1.283124
18,0,9.384255
18,1,8.599597
18,2,7.571757
18,3,7.031935
18,4,5.954232
19,0,8.716562
19,1,1.291656
19,2,13.147728
19,3,9.385405
19,4,10.139216
20,0,5.815793
20,1,8.645603
20,2,1.303668
20,3,13.122937
20,4,7.552143
21,0,1.312014
21,1,8.641621
21,2,9.409873
21,3,4.622320
21,4,13.067859
22,0,10.277702
22,1,5.793261
22,2,1.287449
22,3,8.637988
22,4,13.101537
23,0,10.241853
23,1,9.468133
23,2,4.749749
23,3,13.200957
23,4,5.848877
24,0,9.342535
24,1,7.040406
24,2,5.993469
24,3,7.557133
24,4,13.065838
25,0,10.220968
25,1,1.306841
25,2,4.618917
25,3,13.141992
25,4,8.530215
26,0,5.709003
26,1,12.988208
26,2,8.543415
26,3,7.157570
26,4,9.383226
27,0,6.012509
27,1,5.755418
27,2,7.546639
27,3,8.823603
27,4,4.750340
28,0,10.426852
28,1,1.285860
28,2,5.731731
28,3,5.998765
28,4,7.527755
29,0,10.242610
29,1,7.732579
29,2,8.680905
29,3,1.295297
29,4,6.140088
30,0,7.673663
30,1,6.115528
30,2,9.443666
30,3,13.192282
30,4,1.312583
31,0,9.491027
31,1,10.435971
31,2,8.731788
31,3,6.049629
31,4,1.285309
32,0,7.112255
32,1,5.884038
32,2,10.341202
32,3,6.061625
32,4,8.654215
33,0,9.412463
33,1,4.655754
33,2,13.199823
33,3,7.240320
33,4,1.309443
34,0,1.311815
34,1,5.815586
34,2,4.605882
34,3,7.100262
34,4,10.220120
35,0,13.080468
35,1,4.707863
35,2,8.676865
35,3,5.797883
35,4,7.689447
36,0,6.049647
36,1,7.639638
36,2,5.775393
36,3,9.363294
36,4,1.284509
37,0,10.225196
37,1,7.080100
37,2,6.108998
37,3,4.855175
37,4,1.289127
38,0,7.550666
38,1,1.304582
38,2,4.610909
38,3,10.206191
38,4,9.452883
39,0,7.623078
39,1,12.934026
39,2,10.175578
39,3,8.548706
39,4,7.115490
40,0,4.647465
40,1,9.441095
40,2,7.140491
40,3,13.151687
40,4,8.531092
41,0,8.569105
41,1,5.873706
41,2,4.639740
41,3,12.982247
41,4,7.091525
42,0,5.983048
42,1,7.504000
42,2,13.314465
42,3,10.096483
42,4,1.294036
43,0,5.724193
43,1,5.944598
43,2,4.562108
43,3,1.277310
43,4,13.017232
44,0,4.614884
44,1,10.119738
44,2,1.265855
44,3,5.943153
44,4,9.345903
45,0,12.947495
45,1,10.393310
45,2,8.498244
45,3,1.302224
45,4,6.017543
46,0,5.997692
46,1,5.725838
46,2,10.124652
46,3,1.280514
46,4,8.444507
47,0,13.012318
47,1,4.636491
47,2,9.307155
47,3,8.551771
47,4,5.738341
48,0,13.013932
48,1,7.556368
48,2,5.837425
48,3,4.629027
48,4,8.502111
49,0,7.082228
49,1,13.071407
49,2,9.424691
49,3,10.401595
49,4,1.319438
50,0,8.822709
50,1,9.416270
50,2,4.587052
50,3,1.282444
50,4,13.024111
51,0,7.117040
51,1,9.441901
51,2,5.995487
51,3,5.985251
51,4,13.201689
52,0,8.577619
52,1,7.532900
52,2,5.693543
52,3,12.951722
52,4,4.652035
53,0,9.389165
53,1,1.314636
53,2,13.013882
53,3,8.654737
53,4,6.058496
54,0,10.138051
54,1,4.557587
54,2,5.987428
54,3,5.757601
54,4,9.433853
55,0,6.048435
55,1,1.286950
55,2,7.103165
55,3,13.157899
55,4,7.537586
56,0,5.795736
56,1,8.563599
56,2,5.959633
56,3,10.130939
56,4,9.396104
57,0,6.060213
57,1,10.204242
57,2,1.310017
57,3,13.069381
57,4,7.504725
58,0,5.920429
58,1,9.538325
58,2,7.299058
58,3,1.329948
58,4,13.076013
59,0,6.029477
59,1,1.302434
59,2,7.525139
59,3,10.140755
59,4,8.571164
60,0,1.281039
60,1,7.157802
60,2,6.113506
60,3,13.148155
60,4,8.567387
61,0,8.609319
61,1,5.783055
61,2,12.981375
61,3,4.626804
61,4,9.479280
62,0,9.426873
62,1,5.818509
62,2,10.156198
62,3,1.273793
62,4,13.061720
63,0,13.012342
63,1,6.119956
63,2,5.915440
63,3,1.303489
63,4,8.620717
64,0,1.293977
64,1,4.660582
64,2,7.150696
64,3,8.502302
64,4,9.397417
65,0,1.291456
65,1,10.252680
65,2,6.112113
65,3,7.788128
65,4,6.003277
66,0,4.622042
66,1,5.793979
66,2,10.209716
66,3,7.121664
66,4,8.607365
67,0,7.231989
67,1,9.482448
67,2,5.829847
67,3,10.206827
67,4,7.623944
68,0,10.249533
68,1,4.617223
68,2,13.187253
68,3,5.787451
68,4,7.130627
69,0,10.304854
69,1,6.035004
69,2,7.574675
69,3,7.128902
69,4,9.384955
70,0,10.229459
70,1,6.056255
70,2,9.464325
70,3,1.296221
70,4,5.813963
71,0,7.098896
71,1,6.044372
71,2,4.643533
71,3,10.531768
71,4,9.486465
72,0,5.788662
72,1,10.212183
72,2,6.053509
72,3,1.293147
72,4,13.114089
73,0,7.182717
73,1,9.504289
73,2,1.286964
73,3,6.032407
73,4,10.290580
74,0,7.161445
74,1,4.604753
74,2,6.027420
74,3,9.364508
74,4,1.280469
75,0,10.237757
75,1,7.199977
75,2,7.633505
75,3,4.621574
75,4,5.826585
76,0,6.005405
76,1,7.572140
76,2,7.088687
76,3,13.157551
76,4,9.441113
77,0,9.374168
77,1,5.769173
77,2,13.077104
77,3,7.602206
77,4,10.167493
78,0,12.930657
78,1,7.067798
78,2,5.974298
78,3,8.565634
78,4,9.366982
79,0,10.124825
79,1,9.480108
79,2,7.413984
79,3,1.277715
79,4,5.976294
80,0,1.278311
80,1,12.928860
80,2,7.519547
80,3,8.682616
80,4,4.625327
81,0,8.833988
81,1,1.277799
81,2,9.315322
81,3,4.561821
81,4,13.024601
82,0,9.630121
82,1,8.491761
82,2,10.178927
82,3,5.763653
82,4,6.013137
83,0,13.015790
83,1,7.527551
83,2,5.997428
83,3,10.153257
83,4,1.289003
84,0,5.771766
84,1,8.616368
84,2,13.119754
84,3,6.207624
84,4,4.631857
85,0,10.230025
85,1,12.998578
85,2,9.456733
85,3,1.321675
85,4,7.613492
86,0,7.539614
86,1,5.728121
86,2,13.069837
86,3,9.486449
86,4,8.648669
87,0,9.418656
87,1,7.028844
87,2,13.089381
87,3,1.300735
87,4,10.400270
88,0,10.115935
88,1,13.003386
88,2,4.668649
88,3,6.011026
88,4,8.548346
89,0,13.038816
89,1,5.808311
89,2,4.580852
89,3,7.151695
89,4,7.574526
90,0,8.634550
90,1,9.460302
90,2,10.455855
90,3,5.926750
90,4,13.250907
91,0,9.368013
91,1,13.089603
91,2,8.525644
91,3,5.813286
91,4,4.583809
92,0,13.138650
92,1,10.137762
92,2,7.540394
92,3,4.569461
92,4,7.194482
93,0,7.116926
93,1,10.197891
93,2,8.586359
93,3,9.387992
93,4,5.868919
94,0,8.553547
94,1,7.629795
94,2,9.349779
94,3,7.208250
94,4,13.289368
95,0,1.310147
95,1,13.020743
95,2,10.322345
95,3,8.618434
95,4,9.463755
96,0,1.290460
96,1,5.870123
96,2,13.152073
96,3,7.258837
96,4,7.624522
97,0,7.136657
97,1,13.048561
97,2,4.586617
97,3,1.270638
97,4,5.723006
98,0,10.306282
98,1,9.427231
98,2,6.003297
98,3,8.619969
98,4,1.313574
99,0,6.025545
99,1,4.596367
99,2,7.540693
99,3,5.857746
99,4,9.513873
100,0,10.175496
100,1,4.648525
100,2,8.621542
100,3,9.420626
100,4,6.073425
101,0,13.070604
101,1,4.670105
101,2,10.458542
101,3,9.498548
101,4,7.102177
102,0,7.110462
102,1,8.547511
102,2,10.277681
102,3,4.649564
102,4,9.486986
103,0,1.280632
103,1,7.594577
103,2,9.475780
103,3,6.016706
103,4,4.632367
104,0,13.159784
104,1,7.621228
104,2,1.300318
104,3,7.188085
104,4,5.755382
105,0,8.757587
105,1,4.682549
105,2,9.429415
105,3,5.865722
105,4,13.071560
106,0,6.025800
106,1,7.694200
106,2,9.550098
106,3,7.129781
106,4,13.144188
107,0,1.292651
107,1,6.137064
107,2,7.148108
107,3,4.675365
107,4,8.732695
108,0,1.295156
108,1,9.502222
108,2,5.978724
108,3,8.647242
108,4,10.196748
109,0,10.256055
109,1,4.661353
109,2,9.530568
109,3,8.714134
109,4,7.610884
110,0,9.518848
110,1,13.152421
110,2,7.652642
110,3,8.718432
110,4,6.078258
111,0,8.644838
111,1,7.191973
111,2,7.695892
111,3,4.640353
111,4,5.801125
112,0,1.284399
112,1,6.085281
112,2,4.682603
112,3,6.043394
112,4,7.565957
113,0,4.760870
113,1,5.835658
113,2,8.635418
113,3,7.632949
113,4,10.077478
114,0,7.203172
114,1,1.286627
114,2,4.636576
114,3,10.318552
114,4,7.518745
115,0,8.662817
115,1,9.411320
115,2,13.192845
115,3,4.661511
115,4,6.008690
116,0,8.590067
116,1,13.158330
116,2,5.983118
116,3,4.567365
116,4,9.436665
117,0,4.585898
117,1,9.469740
117,2,5.788213
117,3,6.060408
117,4,1.308147
118,0,7.103572
118,1,8.634108
118,2,1.295023
118,3,4.589017
118,4,5.747863
119,0,7.258327
119,1,10.229475
119,2,5.776083
119,3,8.846667
119,4,7.783741
120,0,6.028101
120,1,9.447893
120,2,4.657267
120,3,10.170708
120,4,8.547814
121,0,13.035683
121,1,7.628056
121,2,5.731404
121,3,1.317596
121,4,7.099421
122,0,1.273303
122,1,6.053139
122,2,7.364394
122,3,10.156729
122,4,5.734230
123,0,10.318860
123,1,1.299717
123,2,13.096789
123,3,5.723987
123,4,8.466370
124,0,4.590564
124,1,7.068215
124,2,5.837448
124,3,8.718522
124,4,7.833502
125,0,8.598684
125,1,13.029531
125,2,7.617135
125,3,5.774433
125,4,1.353176
126,0,5.929602
126,1,7.064296
126,2,7.568206
126,3,8.538735
126,4,6.042325
127,0,10.205518
127,1,1.272815
127,2,4.587940
127,3,13.049361
127,4,8.564236
128,0,9.340760
128,1,8.643123
128,2,10.199047
128,3,5.888465
128,4,13.144832
129,0,7.162850
129,1,9.383115
129,2,8.660125
129,3,6.082570
129,4,10.220729
130,0,1.283703
130,1,13.350357
130,2,4.624476
130,3,8.725746
130,4,10.293027
131,0,6.040000
131,1,4.672402
131,2,7.593862
131,3,5.900969
131,4,9.500788
132,0,9.372973
132,1,4.633054
132,2,8.616783
132,3,7.661429
132,4,7.217585
133,0,4.645239
133,1,7.582237
133,2,10.217552
133,3,7.054396
133,4,1.302188
134,0,13.137016
134,1,8.785247
134,2,6.033482
134,3,4.585337
134,4,7.595073
135,0,7.642189
135,1,7.180500
135,2,8.670359
135,3,13.101710
135,4,5.766645
136,0,6.112452
136,1,10.292949
136,2,1.299175
136,3,8.652461
136,4,13.110118
137,0,9.473403
137,1,10.244457
137,2,4.604135
137,3,1.286356
137,4,13.290949
138,0,9.513064
138,1,6.199434
138,2,10.230628
138,3,8.642374
138,4,5.952929
139,0,9.434896
139,1,6.100828
139,2,1.288957
139,3,5.900236
139,4,8.813123
140,0,10.358084
140,1,4.623980
140,2,13.247457
140,3,6.133880
140,4,5.786131
141,0,4.738352
141,1,9.473696
141,2,7.636398
141,3,13.330215
141,4,5.881059
142,0,9.560465
142,1,8.601657
142,2,13.114232
142,3,6.007289
142,4,4.633061
143,0,7.625126
143,1,1.283452
143,2,8.560977
143,3,9.417376
143,4,13.137316
144,0,4.606564
144,1,7.237080
144,2,8.569084
144,3,10.188630
144,4,13.048569
145,0,1.275351
145,1,4.668943
145,2,13.095429
145,3,7.688071
145,4,10.215696
146,0,8.565802
146,1,5.781083
146,2,13.098307
146,3,10.294006
146,4,4.666990
147,0,7.132062
147,1,9.454648
147,2,5.787263
147,3,10.213383
147,4,1.291662
148,0,7.611927
148,1,1.315288
148,2,13.219658
148,3,9.402361
148,4,4.623243
149,0,10.216097
149,1,9.455469
149,2,6.093040
149,3,5.795472
149,4,7.112987
150,0,10.211636
150,1,6.118510
150,2,8.687326
150,3,7.165229
150,4,7.689241
151,0,1.287930
151,1,7.076131
151,2,9.335298
151,3,5.998012
151,4,8.671879
152,0,9.503787
152,1,7.137435
152,2,10.216434
152,3,4.571615
152,4,12.955909
153,0,4.664861
153,1,1.283895
153,2,7.089593
153,3,9.356446
153,4,5.860152
154,0,1.297243
154,1,5.794931
154,2,5.976624
154,3,4.682737
154,4,7.091273
155,0,5.831347
155,1,13.364532
155,2,5.961398
155,3,8.580959
155,4,1.286697
156,0,4.682608
156,1,6.056233
156,2,10.325814
156,3,1.363591
156,4,5.894715
157,0,10.136268
157,1,5.726104
157,2,7.136060
157,3,6.118464
157,4,8.626219
158,0,5.793505
158,1,7.552968
158,2,1.268856
158,3,12.915761
158,4,10.256221
159,0,6.106669
159,1,10.432970
159,2,7.605186
159,3,5.994267
159,4,9.363103
160,0,8.674345
160,1,9.431757
160,2,7.055436
160,3,6.008075
160,4,7.506527
161,0,6.007827
161,1,9.350972
161,2,7.155690
161,3,13.000022
161,4,4.558547
162,0,12.886221
162,1,8.495711
162,2,7.164277
162,3,9.401646
162,4,1.275623
163,0,1.277943
163,1,6.024004
163,2,5.762538
163,3,10.088507
163,4,7.512388
164,0,4.587567
164,1,7.049645
164,2,8.547323
164,3,7.920557
164,4,5.758703
165,0,8.576484
165,1,9.472225
165,2,10.379456
165,3,7.158503
165,4,7.618714
166,0,7.085817
166,1,5.760505
166,2,4.625982
166,3,9.375315
166,4,13.059303
167,0,7.564744
167,1,5.966899
167,2,8.666720
167,3,9.464220
167,4,5.803480
168,0,6.068087
168,1,5.793796
168,2,8.593498
168,3,9.422528
168,4,7.215567
169,0,10.246137
169,1,7.636007
169,2,7.186764
169,3,5.996684
169,4,4.766306
170,0,8.608480
170,1,7.100602
170,2,4.679359
170,3,10.354122
170,4,9.582445
171,0,9.396176
171,1,8.594717
171,2,7.610407
171,3,4.621507
171,4,10.279216
172,0,7.565061
172,1,7.098306
172,2,13.103526
172,3,8.527826
172,4,4.615240
173,0,1.277294
173,1,5.909800
173,2,6.088923
173,3,4.582986
173,4,8.653352
174,0,10.296339
174,1,1.315412
174,2,7.614411
174,3,13.083325
174,4,7.095057
175,0,7.187851
175,1,7.627314
175,2,4.704294
175,3,10.223260
175,4,8.589710
176,0,6.045552
176,1,13.152465
176,2,9.359061
176,3,7.063063
176,4,1.278824
177,0,10.315579
177,1,9.673856
177,2,7.104613
177,3,13.081792
177,4,5.760597
178,0,1.307672
178,1,7.065198
178,2,13.122990
178,3,10.186180
178,4,5.851384
179,0,5.804375
179,1,7.622313
179,2,10.247916
179,3,6.036085
179,4,4.581288
180,0,4.609607
180,1,1.304544
180,2,7.119765
180,3,9.398761
180,4,13.160440
181,0,13.152182
181,1,8.659303
181,2,9.493105
181,3,7.544076
181,4,4.598589
182,0,5.803741
182,1,7.124962
182,2,4.635184
182,3,7.555084
182,4,8.581918
183,0,9.504023
183,1,13.133233
183,2,1.287020
183,3,7.135013
183,4,7.568109
184,0,8.541225
184,1,13.153512
184,2,7.219823
184,3,4.651814
184,4,5.823944
185,0,10.228322
185,1,6.030176
185,2,7.540449
185,3,4.577274
185,4,7.149964
186,0,10.353267
186,1,6.073155
186,2,5.818941
186,3,4.640500
186,4,12.960541
187,0,7.582758
187,1,10.284108
187,2,13.194057
187,3,1.303276
187,4,7.111633
188,0,7.551040
188,1,5.788518
188,2,8.634192
188,3,13.154404
188,4,1.287999
189,0,7.663939
189,1,10.355449
189,2,4.613285
189,3,8.560191
189,4,7.123866
190,0,4.617265
190,1,10.164482
190,2,6.040474
190,3,5.795934
190,4,8.545333
191,0,4.661397
191,1,5.847311
191,2,6.034273
191,3,7.070184
191,4,1.280248
192,0,7.605350
192,1,6.023200
192,2,7.131242
192,3,9.339534
192,4,8.587005
193,0,1.283835
193,1,9.436819
193,2,5.817792
193,3,13.129312
193,4,10.444105
194,0,6.020375
194,1,7.067498
194,2,6.000226
194,3,8.578953
194,4,13.110965
195,0,7.538478
195,1,10.229110
195,2,7.172242
195,3,5.789160
195,4,8.674356
196,0,7.118006
196,1,7.564368
196,2,4.616074
196,3,10.277030
196,4,13.097051
197,0,5.782788
197,1,4.560219
197,2,1.273380
197,3,7.066760
197,4,8.830455
198,0,6.233303
198,1,8.641462
198,2,7.619154
198,3,10.154311
198,4,13.093679
199,0,10.272005
199,1,1.291013
199,2,7.611945
199,3,4.653648
199,4,8.562208
200,0,5.813564
200,1,10.250891
200,2,9.346438
200,3,8.599678
200,4,13.113580
201,0,7.131529
201,1,9.348166
201,2,1.277216
201,3,6.064799
201,4,5.902529
202,0,4.624030
202,1,10.171194
202,2,7.070887
202,3,8.514081
202,4,5.779332
203,0,1.306507
203,1,10.299719
203,2,9.397041
203,3,7.149041
203,4,5.763222
204,0,5.794612
204,1,6.004872
204,2,9.463674
204,3,4.612258
204,4,10.480432
205,0,9.453486
205,1,5.780968
205,2,5.993028
205,3,7.874778
205,4,7.206228
206,0,7.593297
206,1,4.681454
206,2,6.058542
206,3,9.406775
206,4,7.155020
207,0,13.131398
207,1,9.518480
207,2,4.593302
207,3,7.608256
207,4,6.086300
208,0,6.050745
208,1,8.558417
208,2,4.642229
208,3,9.313521
208,4,13.168913
209,0,1.302709
209,1,7.403459
209,2,4.643672
209,3,7.565961
209,4,5.980657
210,0,4.643276
210,1,7.150661
210,2,8.631950
210,3,10.182811
210,4,5.976905
211,0,8.616197
211,1,1.280984
211,2,6.010070
211,3,9.429977
211,4,7.535877
212,0,8.524701
212,1,5.847151
212,2,7.625901
212,3,10.134855
212,4,13.032114
213,0,7.118776
213,1,13.137364
213,2,5.846815
213,3,9.446593
213,4,8.547326
214,0,13.139657
214,1,10.376253
214,2,6.075546
214,3,1.321224
214,4,8.688707
215,0,1.297802
215,1,7.588341
215,2,7.101219
215,3,4.600154
215,4,5.760794
216,0,8.529164
216,1,4.649017
216,2,9.533511
216,3,6.116189
216,4,13.239476
217,0,8.610417
217,1,7.088407
217,2,9.355002
217,3,13.292456
217,4,4.617623
218,0,7.655907
218,1,8.540811
218,2,4.571864
218,3,7.028475
218,4,5.810912
219,0,1.287657
219,1,4.679826
219,2,7.170279
219,3,8.604778
219,4,9.371850
220,0,7.101232
220,1,10.170603
220,2,5.843862
220,3,9.541390
220,4,6.083521
221,0,7.109477
221,1,5.804477
221,2,6.042665
221,3,10.258734
221,4,13.236471
222,0,8.697313
222,1,5.861669
222,2,13.160190
222,3,9.457031
222,4,6.163193
223,0,9.508201
223,1,8.643168
223,2,7.156591
223,3,13.162388
223,4,10.318462
224,0,4.655453
224,1,9.473684
224,2,13.117738
224,3,7.606673
224,4,8.651867
225,0,7.566519
225,1,9.599887
225,2,10.415071
225,3,13.170852
225,4,7.199256
226,0,5.789313
226,1,1.291255
226,2,7.259476
226,3,4.799475
226,4,7.651847
227,0,6.063288
227,1,1.288937
227,2,4.665147
227,3,7.649785
227,4,13.069968
228,0,5.856964
228,1,7.548406
228,2,13.067791
228,3,8.559454
228,4,7.023094
229,0,5.862629
229,1,7.608187
229,2,6.087132
229,3,7.337289
229,4,1.351916
230,0,10.439911
230,1,9.342402
230,2,1.281969
230,3,8.589742
230,4,6.074476
231,0,7.198748
231,1,6.073870
231,2,10.238550
231,3,1.304994
231,4,9.486553
232,0,9.470881
232,1,6.045130
232,2,8.576353
232,3,7.530987
232,4,13.146792
233,0,7.755962
233,1,10.164246
233,2,8.654902
233,3,13.074085
233,4,5.779461
234,0,1.300126
234,1,7.150593
234,2,8.663357
234,3,7.627282
234,4,4.627038
235,0,4.615242
235,1,9.491538
235,2,1.312850
235,3,8.586749
235,4,7.529474
236,0,13.003024
236,1,8.600447
236,2,9.484743
236,3,5.792625
236,4,1.285209
237,0,10.181817
237,1,4.575529
237,2,7.044102
237,3,13.044855
237,4,5.751590
238,0,4.629208
238,1,5.976657
238,2,8.653910
238,3,5.785622
238,4,7.117884
239,0,5.994224
239,1,10.244706
239,2,9.366590
239,3,4.660537
239,4,7.687281
240,0,13.320922
240,1,1.280488
240,2,7.570317
240,3,4.614132
240,4,5.811575
241,0,1.294972
241,1,6.003019
241,2,4.606023
241,3,12.946261
241,4,7.099768
242,0,6.026399
242,1,7.664543
242,2,8.612734
242,3,5.800600
242,4,1.280035
243,0,8.584744
243,1,7.074988
243,2,1.313803
243,3,9.573788
243,4,5.855892
244,0,8.845885
244,1,4.787069
244,2,7.606585
244,3,9.482068
244,4,10.244510
245,0,10.412993
245,1,8.929605
245,2,4.695797
245,3,13.054183
245,4,6.013880
246,0,5.831297
246,1,9.487009
246,2,13.180349
246,3,6.088214
246,4,7.083562
247,0,7.552921
247,1,10.300475
247,2,13.220533
247,3,5.836858
247,4,9.364105
248,0,6.109316
248,1,5.797061
248,2,8.638728
248,3,1.279712
248,4,9.417290
249,0,6.011412
249,1,6.026519
249,2,13.284844
249,3,4.696951
249,4,7.144122
250,0,5.773659
250,1,10.282807
250,2,1.284305
250,3,9.441189
250,4,7.119116
251,0,4.612573
251,1,13.075713
251,2,7.578353
251,3,8.664169
251,4,5.812217
252,0,9.466214
252,1,7.862255
252,2,5.794316
252,3,4.637304
252,4,1.287569
253,0,9.502608
253,1,8.635690
253,2,7.209280
253,3,7.660217
253,4,4.657794
254,0,5.876713
254,1,13.153203
254,2,9.518990
254,3,10.275225
254,4,8.658637
255,0,5.808082
255,1,1.278551
255,2,4.624508
255,3,6.064402
255,4,9.437741
256,0,5.850944
256,1,9.551605
256,2,13.161185
256,3,10.213670
256,4,4.616509
257,0,7.633942
257,1,7.229816
257,2,8.652969
257,3,6.102767
257,4,1.300368
258,0,7.582129
258,1,13.064635
258,2,1.309996
258,3,5.852113
258,4,7.209055
259,0,4.790819
259,1,1.348294
259,2,7.188700
259,3,9.388759
259,4,7.500666
260,0,13.233300
260,1,9.587532
260,2,10.385439
260,3,5.890525
260,4,4.632196
261,0,6.095235
261,1,10.264905
261,2,4.645756
261,3,1.284928
261,4,9.462970
262,0,1.304692
262,1,5.804271
262,2,6.116086
262,3,4.591961
262,4,7.177382
263,0,5.780945
263,1,8.655182
263,2,4.589148
263,3,1.293449
263,4,10.262464
264,0,4.700236
264,1,8.607090
264,2,7.658470
264,3,1.276384
264,4,13.044033
265,0,10.323057
265,1,4.568815
265,2,7.526725
265,3,1.278857
265,4,8.650547
266,0,6.131589
266,1,7.219725
266,2,10.189428
266,3,4.571062
266,4,9.418064
267,0,8.643200
267,1,7.248899
267,2,7.552142
267,3,5.828614
267,4,13.117428
268,0,13.196624
268,1,1.292177
268,2,6.055996
268,3,7.182316
268,4,10.511550
269,0,7.601791
269,1,4.614317
269,2,8.578466
269,3,1.274210
269,4,6.020051
270,0,13.282869
270,1,1.300941
270,2,10.159272
270,3,4.557025
270,4,7.655900
271,0,5.793783
271,1,13.189488
271,2,8.812082
271,3,4.627311
271,4,10.213937
272,0,10.169659
272,1,8.623914
272,2,6.039688
272,3,13.149518
272,4,5.849644
273,0,13.104596
273,1,7.532073
273,2,6.072170
273,3,8.687008
273,4,7.132102
274,0,1.308120
274,1,5.854873
274,2,7.561213
274,3,4.624414
274,4,13.114931
275,0,8.669414
275,1,9.393648
275,2,10.199938
275,3,1.301838
275,4,13.113849
276,0,4.603644
276,1,12.984571
276,2,5.772698
276,3,10.344842
276,4,8.716156
277,0,10.211626
277,1,7.661552
277,2,1.283018
277,3,7.214832
277,4,13.121560
278,0,10.261582
278,1,5.904749
278,2,7.158697
278,3,13.276005
278,4,1.314433
279,0,7.077231
279,1,6.191109
279,2,8.705248
279,3,7.584736
279,4,10.420769
280,0,9.434117
280,1,8.637151
280,2,5.728477
280,3,4.633240
280,4,7.133761
281,0,9.391255
281,1,1.304737
281,2,7.651344
281,3,8.543899
281,4,7.119067
282,0,12.983329
282,1,6.029613
282,2,5.788684
282,3,8.637403
282,4,4.726041
283,0,7.657414
283,1,10.168309
283,2,4.707153
283,3,5.995426
283,4,6.173442
284,0,7.601157
284,1,6.059283
284,2,8.578719
284,3,1.273802
284,4,9.385044
285,0,7.056453
285,1,6.212977
285,2,10.252096
285,3,4.653030
285,4,9.645868
286,0,12.965054
286,1,9.279311
286,2,8.588570
286,3,5.753764
286,4,4.599812
287,0,1.271039
287,1,7.551986
287,2,6.043955
287,3,5.720198
287,4,8.485654
288,0,7.570712
288,1,1.307278
288,2,8.602586
288,3,5.874439
288,4,4.587557
289,0,7.562057
289,1,8.463537
289,2,4.590101
289,3,9.464304
289,4,10.431610
290,0,10.244843
290,1,7.035031
290,2,7.624640
290,3,6.160770
290,4,13.151075
291,0,10.123061
291,1,7.008367
291,2,13.086020
291,3,5.982926
291,4,4.675603
292,0,8.609129
292,1,7.041859
292,2,5.826818
292,3,7.494705
292,4,1.270240
293,0,5.821821
293,1,6.044766
293,2,10.104682
293,3,9.430761
293,4,7.085423
294,0,13.189803
294,1,4.584373
294,2,8.539908
294,3,7.528280
294,4,6.122971
295,0,9.307349
295,1,13.107755
295,2,6.062174
295,3,10.216430
295,4,1.295906
296,0,7.218565
296,1,5.788691
296,2,13.347287
296,3,9.643276
296,4,6.019171
297,0,5.859302
297,1,13.073310
297,2,1.287236
297,3,7.780201
297,4,8.566198
298,0,13.165765
298,1,1.306695
298,2,10.185819
298,3,9.441217
298,4,8.604331
299,0,4.641730
299,1,13.146583
299,2,9.367995
299,3,7.163811
299,4,5.839509
300,0,7.091577
300,1,7.691021
300,2,8.570442
300,3,6.057415
300,4,10.256092
301,0,6.148690
301,1,5.847655
301,2,4.677579
301,3,9.422963
301,4,1.272944
302,0,9.473996
302,1,6.110041
302,2,7.075310
302,3,13.121821
302,4,1.304294
303,0,10.243977
303,1,8.579762
303,2,5.942146
303,3,13.073670
303,4,1.276995
304,0,1.282730
304,1,8.800939
304,2,13.050412
304,3,9.372452
304,4,10.259224
305,0,8.826893
305,1,5.825340
305,2,10.298511
305,3,7.325963
305,4,7.672431
306,0,13.154781
306,1,10.194127
306,2,4.700889
306,3,9.346944
306,4,8.610700
307,0,7.078010
307,1,6.199385
307,2,9.401610
307,3,10.241234
307,4,5.839942
308,0,13.100973
308,1,7.192458
308,2,8.716887
308,3,10.325866
308,4,5.841264
309,0,8.619009
309,1,9.520836
309,2,4.650831
309,3,5.864806
309,4,1.315308
310,0,1.303556
310,1,5.797355
310,2,4.685885
310,3,8.704201
310,4,6.119625
311,0,9.469041
311,1,1.346566
311,2,5.821628
311,3,10.189563
311,4,7.697557
312,0,7.628427
312,1,13.209528
312,2,10.348311
312,3,9.395814
312,4,5.918439
313,0,9.428816
313,1,7.666427
313,2,1.286498
313,3,5.985382
313,4,7.151173
314,0,4.673815
314,1,8.663042
314,2,13.207640
314,3,10.353880
314,4,5.962046
315,0,12.983765
315,1,10.284822
315,2,1.301090
315,3,5.997910
315,4,7.731756
316,0,10.183749
316,1,8.562480
316,2,7.097517
316,3,4.748407
316,4,13.152569
317,0,13.000137
317,1,10.183613
317,2,1.302841
317,3,8.681838
317,4,9.378873
318,0,13.458697
318,1,5.791327
318,2,9.398247
318,3,8.641471
318,4,4.676294
319,0,13.079465
319,1,7.258739
319,2,4.579352
319,3,6.025119
319,4,7.613283
320,0,6.129161
320,1,10.249714
320,2,5.907109
320,3,7.648585
320,4,7.328916
321,0,4.717452
321,1,1.293923
321,2,7.546394
321,3,10.290366
321,4,13.147775
322,0,8.628682
322,1,13.060229
322,2,5.856258
322,3,6.010750
322,4,10.225106
323,0,10.141876
323,1,4.619675
323,2,6.065037
323,3,13.060601
323,4,8.589853
324,0,13.041589
324,1,9.446686
324,2,1.291073
324,3,4.623387
324,4,10.356600
325,0,13.388400
325,1,8.636120
325,2,1.300168
325,3,7.079752
325,4,9.549013
326,0,8.607823
326,1,6.085807
326,2,7.657349
326,3,9.534893
326,4,1.281858
327,0,13.202592
327,1,5.826859
327,2,1.290165
327,3,9.536349
327,4,10.389267
328,0,1.366084
328,1,13.184172
328,2,6.037730
328,3,10.468064
328,4,7.654339
329,0,5.949560
329,1,4.603892
329,2,8.644130
329,3,13.210042
329,4,1.296479
330,0,8.575252
330,1,9.484215
330,2,5.764301
330,3,7.597038
330,4,10.202481
331,0,8.615487
331,1,10.236034
331,2,7.036129
331,3,6.032376
331,4,13.020880
332,0,7.137120
332,1,4.584550
332,2,1.279429
332,3,5.830936
332,4,10.195605
333,0,4.591604
333,1,8.584703
333,2,13.145750
333,3,5.816293
333,4,9.462479
334,0,7.634500
334,1,13.177245
334,2,10.312758
334,3,4.627236
334,4,7.108204
335,0,7.547834
335,1,9.483050
335,2,8.624321
335,3,10.358777
335,4,7.084530
336,0,7.076868
336,1,1.291407
336,2,6.346018
336,3,4.654356
336,4,10.282527
337,0,8.673335
337,1,7.205967
337,2,1.297558
337,3,10.167495
337,4,4.675928
338,0,5.823224
338,1,8.675204
338,2,7.623297
338,3,4.617914
338,4,9.467878
339,0,4.626672
339,1,7.620799
339,2,5.810850
339,3,9.478879
339,4,5.986468
340,0,7.180223
340,1,4.649956
340,2,10.275903
340,3,9.434170
340,4,13.145498
341,0,7.642713
341,1,5.832685
341,2,9.800790
341,3,13.084736
341,4,4.675106
342,0,7.094696
342,1,13.103028
342,2,7.652519
342,3,6.005301
342,4,10.169907
343,0,1.301154
343,1,10.262838
343,2,9.510803
343,3,7.154336
343,4,4.620435
344,0,1.306740
344,1,13.277533
344,2,5.842260
344,3,9.604732
344,4,8.761423
345,0,5.781254
345,1,7.141666
345,2,13.188957
345,3,1.285078
345,4,6.092805
346,0,9.430090
346,1,7.188039
346,2,6.081034
346,3,13.238836
346,4,5.767547
347,0,8.653911
347,1,1.280169
347,2,7.101053
347,3,6.079192
347,4,5.814894
348,0,4.676377
348,1,6.040226
348,2,8.545932
348,3,9.378973
348,4,5.826555
349,0,7.626390
349,1,4.608999
349,2,10.181305
349,3,8.574714
349,4,9.349667
350,0,8.790056
350,1,6.051022
350,2,7.098669
350,3,5.838789
350,4,7.726250
351,0,7.741327
351,1,1.285051
351,2,5.832905
351,3,13.044609
351,4,4.586760
352,0,1.293544
352,1,10.210764
352,2,6.055414
352,3,5.771946
352,4,8.563523
353,0,7.065058
353,1,1.308542
353,2,6.033484
353,3,7.625636
353,4,9.366288
354,0,8.523842
354,1,9.483586
354,2,7.112888
354,3,4.664088
354,4,1.276498
355,0,6.001205
355,1,4.611898
355,2,10.265605
355,3,7.665094
355,4,9.395284
356,0,5.828116
356,1,1.287002
356,2,7.550379
356,3,7.173213
356,4,8.577477
357,0,5.852432
357,1,10.177388
357,2,4.660722
357,3,13.095186
357,4,8.550634
358,0,8.673040
358,1,9.341322
358,2,10.209981
358,3,7.608983
358,4,13.132582
359,0,6.078115
359,1,4.686492
359,2,1.292468
359,3,7.101537
359,4,13.049278
360,0,4.657518
360,1,6.034354
360,2,5.812278
360,3,12.968847
360,4,1.269248
361,0,1.375768
361,1,8.765748
361,2,6.071530
361,3,9.470541
361,4,5.855649
362,0,7.131440
362,1,1.324645
362,2,6.014388
362,3,5.809705
362,4,10.256446
363,0,7.080468
363,1,13.231862
363,2,8.599747
363,3,7.607516
363,4,4.569033
364,0,8.519955
364,1,10.200832
364,2,7.322724
364,3,9.331018
364,4,7.565351
365,0,7.521912
365,1,7.145128
365,2,5.721036
365,3,9.491897
365,4,1.283734
366,0,1.286475
366,1,5.842223
366,2,13.015464
366,3,8.618319
366,4,4.581332
367,0,9.402593
367,1,7.145624
367,2,8.554884
367,3,7.586236
367,4,4.722297
368,0,6.067324
368,1,13.102142
368,2,9.715024
368,3,5.921040
368,4,7.162175
369,0,4.718251
369,1,13.228896
369,2,6.235058
369,3,7.338388
369,4,1.311651
370,0,10.379538
370,1,1.291836
370,2,8.691406
370,3,13.234232
370,4,6.088247
371,0,10.346729
371,1,7.652892
371,2,13.278790
371,3,6.036685
371,4,8.649178
372,0,7.557803
372,1,7.199928
372,2,13.200257
372,3,9.432051
372,4,5.877912
373,0,7.608410
373,1,7.156001
373,2,4.684907
373,3,9.631590
373,4,13.186460
374,0,7.660253
374,1,10.279100
374,2,7.205495
374,3,5.881632
374,4,13.166336
375,0,7.597389
375,1,4.667354
375,2,6.202597
375,3,7.254117
375,4,10.382079
376,0,6.162204
376,1,5.890310
376,2,10.317734
376,3,4.713850
376,4,7.335913
377,0,4.781546
377,1,8.785891
377,2,13.330531
377,3,7.146169
377,4,6.121690
378,0,5.891261
378,1,9.502641
378,2,7.721243
378,3,4.640625
378,4,8.553624
379,0,10.189938
379,1,7.609908
379,2,6.135835
379,3,9.493700
379,4,4.663358
380,0,10.259930
380,1,8.667923
380,2,7.596483
380,3,7.277902
380,4,9.497405
381,0,9.488957
381,1,5.804035
381,2,13.090077
381,3,4.699359
381,4,8.756502
382,0,8.646889
382,1,7.093298
382,2,7.621462
382,3,1.286835
382,4,9.690023
383,0,13.270546
383,1,8.575239
383,2,7.507233
383,3,7.125849
383,4,6.073774
384,0,8.574058
384,1,7.181925
384,2,9.462702
384,3,5.817698
384,4,13.092294
385,0,13.107447
385,1,7.690611
385,2,4.670511
385,3,10.286219
385,4,5.844774
386,0,8.671552
386,1,7.640206
386,2,1.306119
386,3,5.984238
386,4,7.187029
387,0,1.291425
387,1,6.065039
387,2,7.624765
387,3,10.249884
387,4,8.588385
388,0,8.642154
388,1,5.818014
388,2,7.147355
388,3,13.050951
388,4,9.456580
389,0,6.022563
389,1,5.860003
389,2,9.478916
389,3,4.590751
389,4,1.289566
390,0,10.383802
390,1,7.163676
390,2,7.547124
390,3,1.308478
390,4,13.032261
391,0,13.104218
391,1,1.297334
391,2,7.564587
391,3,4.607766
391,4,9.349936
392,0,5.834434
392,1,13.126615
392,2,6.030392
392,3,8.568085
392,4,9.484102
393,0,7.666261
393,1,1.288788
393,2,5.853523
393,3,8.618265
393,4,6.034193
394,0,5.814850
394,1,10.318707
394,2,9.423963
394,3,13.091849
394,4,4.618844
395,0,8.707098
395,1,13.107961
395,2,10.203242
395,3,6.212107
395,4,1.337157
396,0,7.611765
396,1,4.681149
396,2,1.337680
396,3,5.799642
396,4,8.565400
397,0,1.285566
397,1,9.387537
397,2,7.619748
397,3,6.069646
397,4,10.243959
398,0,6.015916
398,1,10.142422
398,2,8.674603
398,3,4.634668
398,4,7.111501
399,0,4.611835
399,1,8.558669
399,2,7.329367
399,3,10.289391
399,4,9.404754
400,0,13.045102
400,1,9.336114
400,2,7.555066
400,3,1.357229
400,4,4.623703
401,0,5.802629
401,1,6.001441
401,2,7.594974
401,3,4.575288
401,4,13.255568
402,0,8.644977
402,1,10.494864
402,2,9.352232
402,3,7.105044
402,4,4.667955
403,0,10.296495
403,1,5.793591
403,2,7.134512
403,3,6.026930
403,4,8.600757
404,0,7.654828
404,1,1.305586
404,2,13.165886
404,3,5.757293
404,4,9.441666
405,0,5.879694
405,1,9.466582
405,2,1.286069
405,3,4.602812
405,4,8.649411
406,0,9.414768
406,1,6.084523
406,2,7.663920
406,3,7.243371
406,4,10.282300
407,0,7.639556
407,1,1.317646
407,2,7.229056
407,3,4.676763
407,4,9.467504
408,0,7.218045
408,1,7.635010
408,2,5.862142
408,3,1.289411
408,4,6.028132
409,0,7.715763
409,1,5.825044
409,2,8.622126
409,3,13.456383
409,4,10.182702
410,0,7.540802
410,1,6.127784
410,2,9.641013
410,3,7.312957
410,4,4.631563
411,0,4.679436
411,1,13.189179
411,2,8.599936
411,3,7.171112
411,4,6.058666
412,0,1.333216
412,1,6.141952
412,2,13.191632
412,3,5.845503
412,4,10.332245
413,0,7.158465
413,1,5.874198
413,2,7.625117
413,3,4.614177
413,4,13.155078
414,0,6.145399
414,1,8.630894
414,2,5.889918
414,3,13.227178
414,4,7.660104
415,0,9.414864
415,1,5.643557
415,2,8.550315
415,3,1.309707
415,4,10.304746
416,0,10.294530
416,1,6.057255
416,2,4.611556
416,3,5.790167
416,4,13.368341
417,0,10.478979
417,1,8.668189
417,2,6.044536
417,3,7.692292
417,4,13.221482
418,0,13.186824
418,1,4.701470
418,2,9.537854
418,3,10.287511
418,4,7.206213
419,0,9.476688
419,1,13.356563
419,2,7.204452
419,3,10.239342
419,4,8.638208
420,0,4.855149
420,1,8.678698
420,2,9.423693
420,3,6.117945
420,4,1.282583
421,0,1.278095
421,1,5.776247
421,2,7.331737
421,3,4.633224
421,4,9.574504
422,0,7.645230
422,1,8.649714
422,2,6.005740
422,3,5.750609
422,4,9.570417
423,0,7.689432
423,1,1.315135
423,2,9.416603
423,3,7.185603
423,4,10.214211
424,0,9.601926
424,1,7.186950
424,2,10.220388
424,3,6.127227
424,4,1.321615
425,0,4.628078
425,1,1.287850
425,2,6.139655
425,3,10.266154
425,4,5.883720
426,0,4.594301
426,1,6.144960
426,2,5.822114
426,3,13.343579
426,4,8.652528
427,0,8.604705
427,1,6.164858
427,2,10.277080
427,3,4.704293
427,4,7.141995
428,0,9.576836
428,1,8.604615
428,2,5.879007
428,3,6.018681
428,4,1.279314
429,0,13.279597
429,1,7.601934
429,2,7.187037
429,3,6.090437
429,4,9.700074
430,0,4.803708
430,1,7.128434
430,2,8.502332
430,3,9.585019
430,4,5.792584
431,0,7.129343
431,1,1.277714
431,2,7.646172
431,3,10.151468
431,4,13.187032
432,0,4.578224
432,1,8.601906
432,2,13.172161
432,3,6.000531
432,4,5.783996
433,0,1.315897
433,1,6.138192
433,2,9.343627
433,3,10.317188
433,4,4.602595
434,0,10.273131
434,1,8.534836
434,2,9.523139
434,3,5.824050
434,4,1.286140
435,0,8.691179
435,1,1.290656
435,2,13.087629
435,3,7.613406
435,4,6.053265
436,0,6.133568
436,1,1.290901
436,2,9.365768
436,3,8.612254
436,4,7.039694
437,0,5.908808
437,1,7.101799
437,2,13.188049
437,3,1.288409
437,4,7.602666
438,0,5.767719
438,1,9.508716
438,2,10.166651
438,3,4.715651
438,4,6.357815
439,0,9.432078
439,1,1.284391
439,2,13.168257
439,3,7.566079
439,4,7.204553
440,0,10.401212
440,1,5.973780
440,2,6.001559
440,3,1.302613
440,4,7.197431
441,0,7.545542
441,1,9.493846
441,2,1.280034
441,3,7.084733
441,4,6.066049
442,0,13.173120
442,1,1.284054
442,2,5.829775
442,3,7.681015
442,4,7.064687
443,0,6.104478
443,1,9.372755
443,2,7.717578
443,3,8.683959
443,4,5.807094
444,0,1.280685
444,1,9.474111
444,2,10.321544
444,3,5.829792
444,4,7.657324
445,0,5.813396
445,1,4.695893
445,2,7.719541
445,3,10.237952
445,4,8.590393
446,0,13.134236
446,1,4.638285
446,2,10.295600
446,3,7.652444
446,4,5.858691
447,0,13.179051
447,1,9.433588
447,2,7.205741
447,3,6.079170
447,4,4.641250
448,0,5.826587
448,1,7.608462
448,2,6.086430
448,3,10.299054
448,4,4.670644
449,0,6.116416
449,1,7.577383
449,2,9.520364
449,3,5.958045
449,4,1.299493
450,0,6.047776
450,1,5.791783
450,2,7.591657
450,3,7.118386
450,4,12.985636
451,0,13.120185
451,1,8.669366
451,2,4.642986
451,3,1.304774
451,4,6.054956
452,0,5.819590
452,1,1.292274
452,2,10.228371
452,3,9.542620
452,4,13.190786
453,0,9.434315
453,1,1.313564
453,2,7.512190
453,3,13.256895
453,4,8.815302
454,0,5.829016
454,1,13.008778
454,2,1.292522
454,3,9.364608
454,4,7.581886
455,0,5.820813
455,1,1.297211
455,2,6.191871
455,3,7.708472
455,4,10.212205
456,0,10.304511
456,1,9.438922
456,2,7.194806
456,3,8.646918
456,4,4.630097
457,0,7.115933
457,1,9.678272
457,2,13.088177
457,3,4.727298
457,4,10.299090
458,0,8.582640
458,1,4.604356
458,2,1.286232
458,3,7.525260
458,4,6.022308
459,0,8.577526
459,1,5.815418
459,2,7.567005
459,3,6.028946
459,4,4.662876
460,0,13.033906
460,1,4.792880
460,2,10.215777
460,3,8.673982
460,4,5.806562
461,0,1.296244
461,1,9.394707
461,2,10.235736
461,3,7.124999
461,4,7.656379
462,0,6.074266
462,1,7.602536
462,2,9.332512
462,3,10.131503
462,4,13.029739
463,0,5.775493
463,1,4.609833
463,2,8.492711
463,3,10.131061
463,4,7.054036
464,0,4.672210
464,1,1.336388
464,2,7.673125
464,3,12.913727
464,4,7.046574
465,0,7.615853
465,1,9.351719
465,2,1.286371
465,3,10.197453
465,4,5.958386
466,0,7.615701
466,1,7.154744
466,2,9.407866
466,3,1.281328
466,4,6.019166
467,0,6.019513
467,1,5.827115
467,2,1.294148
467,3,9.439074
467,4,13.072982
468,0,9.352910
468,1,4.599976
468,2,1.304406
468,3,7.136942
468,4,8.559470
469,0,5.788629
469,1,8.533498
469,2,9.443218
469,3,6.246831
469,4,4.725487
470,0,7.066441
470,1,5.798787
470,2,9.401607
470,3,8.630890
470,4,1.286502
471,0,5.795838
471,1,7.086928
471,2,1.298816
471,3,10.195038
471,4,9.402239
472,0,13.040848
472,1,1.288906
472,2,7.552449
472,3,9.390477
472,4,6.029722
473,0,1.291961
473,1,4.625036
473,2,7.081728
473,3,8.541792
473,4,10.156637
474,0,9.456547
474,1,12.970986
474,2,8.525190
474,3,6.911901
474,4,5.779245
475,0,7.041844
475,1,7.519329
475,2,13.005366
475,3,9.417989
475,4,6.033690
476,0,4.562407
476,1,7.543319
476,2,9.352512
476,3,6.034221
476,4,5.767189
477,0,7.532948
477,1,4.557799
477,2,7.113338
477,3,10.179156
477,4,1.281903
478,0,10.141752
478,1,4.543331
478,2,5.782992
478,3,8.840319
478,4,5.997316
479,0,5.994802
479,1,1.289033
479,2,10.165448
479,3,13.094439
479,4,7.544262
480,0,9.354569
480,1,5.767319
480,2,10.515945
480,3,8.600339
480,4,13.009630
481,0,4.636674
481,1,10.272924
481,2,5.841046
481,3,8.641037
481,4,1.297734
482,0,13.151953
482,1,10.255267
482,2,4.649739
482,3,1.301956
482,4,7.640436
483,0,1.318686
483,1,5.838335
483,2,7.172908
483,3,8.641780
483,4,6.045606
484,0,13.081491
484,1,1.297401
484,2,9.418520
484,3,10.214219
484,4,7.629612
485,0,4.649913
485,1,1.287987
485,2,10.206586
485,3,7.136012
485,4,7.606794
486,0,4.618213
486,1,5.797052
486,2,10.259337
486,3,6.066422
486,4,1.284098
487,0,5.834701
487,1,8.690911
487,2,7.637267
487,3,9.454471
487,4,7.129896
488,0,4.634385
488,1,1.294108
488,2,7.646029
488,3,9.516225
488,4,10.291898
489,0,8.584100
489,1,6.010968
489,2,5.776780
489,3,7.598575
489,4,10.192471
490,0,1.321022
490,1,5.796354
490,2,13.044490
490,3,8.762100
490,4,7.584433
491,0,7.263974
491,1,6.097451
491,2,1.288460
491,3,8.568859
491,4,9.347790
492,0,1.315990
492,1,4.576858
492,2,8.567743
492,3,6.065262
492,4,7.621749
493,0,4.636529
493,1,13.037012
493,2,9.406126
493,3,1.300174
493,4,5.794899
494,0,13.259877
494,1,7.532633
494,2,4.576231
494,3,8.515730
494,4,10.177336
495,0,8.564185
495,1,1.275129
495,2,7.539534
495,3,7.110482
495,4,13.028175
496,0,6.025602
496,1,4.768766
496,2,7.652725
496,3,1.279666
496,4,12.955353
497,0,10.159040
497,1,4.622416
497,2,7.079845
497,3,7.551877
497,4,8.607729
498,0,7.440156
498,1,4.831635
498,2,10.198519
498,3,6.057942
498,4,13.041599
499,0,8.584950
499,1,13.118590
499,2,6.054265
499,3,9.366109
499,4,1.288394
500,0,9.420017
500,1,6.065491
500,2,7.595808
500,3,5.777989
500,4,8.597785
501,0,9.411888
501,1,5.837781
501,2,1.313516
501,3,8.640875
501,4,4.586476
502,0,5.820938
502,1,7.573255
502,2,6.011938
502,3,13.094131
502,4,9.355369
503,0,8.576174
503,1,4.592298
503,2,13.001952
503,3,1.287702
503,4,5.952658
504,0,4.560781
504,1,9.379156
504,2,5.764679
504,3,7.104175
504,4,13.097072
505,0,7.572053
505,1,10.265745
505,2,9.489996
505,3,13.165022
505,4,8.596765
506,0,7.656503
506,1,1.302211
506,2,7.200812
506,3,4.645025
506,4,9.447286
507,0,7.170293
507,1,4.620137
507,2,9.409654
507,3,1.282233
507,4,10.298625
508,0,7.216488
508,1,4.634573
508,2,7.578503
508,3,10.222708
508,4,1.288592
509,0,10.215065
509,1,7.644645
509,2,13.154704
509,3,1.316814
509,4,7.211207
510,0,7.635643
510,1,6.288022
510,2,13.067351
510,3,9.380693
510,4,5.802920
511,0,5.783215
511,1,10.189957
511,2,6.112154
511,3,13.107080
511,4,4.588454
512,0,8.697161
512,1,1.295378
512,2,7.551484
512,3,13.076165
512,4,6.052875
513,0,9.372284
513,1,13.067261
513,2,8.556373
513,3,1.282384
513,4,7.132554
514,0,13.127034
514,1,10.207423
514,2,9.408529
514,3,6.048600
514,4,1.300244
515,0,13.156785
515,1,10.228673
515,2,6.032685
515,3,9.415346
515,4,7.703388
516,0,8.660240
516,1,4.765253
516,2,7.282332
516,3,7.580222
516,4,9.362481
517,0,8.653022
517,1,5.832701
517,2,4.635228
517,3,7.136085
517,4,10.133783
518,0,7.519203
518,1,9.385285
518,2,13.082253
518,3,5.810843
518,4,7.041611
519,0,1.289335
519,1,4.606838
519,2,7.525845
519,3,5.781083
519,4,7.394611
520,0,7.632352
520,1,7.147090
520,2,8.562253
520,3,5.757282
520,4,9.387726
521,0,4.631294
521,1,9.334943
521,2,6.069910
521,3,7.543977
521,4,10.164328
522,0,1.309476
522,1,8.627975
522,2,9.375983
522,3,13.073319
522,4,4.608998
523,0,8.531360
523,1,9.459829
523,2,4.619993
523,3,1.288412
523,4,7.606378
524,0,9.398431
524,1,7.095294
524,2,4.630210
524,3,8.557745
524,4,5.787145
525,0,13.055632
525,1,1.277061
525,2,7.569051
525,3,10.228817
525,4,6.022781
526,0,10.223607
526,1,7.620878
526,2,8.587839
526,3,7.144097
526,4,13.112913
527,0,8.561012
527,1,5.804953
527,2,1.307412
527,3,7.561226
527,4,13.143596
528,0,8.571522
528,1,9.391866
528,2,4.641505
528,3,7.167904
528,4,1.290580
529,0,10.277566
529,1,9.361396
529,2,5.761275
529,3,1.287002
529,4,13.116495
530,0,7.601236
530,1,6.026382
530,2,13.112631
530,3,1.287023
530,4,10.201967
531,0,8.637491
531,1,10.233664
531,2,7.585610
531,3,13.123411
531,4,9.436162
532,0,1.294761
532,1,9.421657
532,2,7.528713
532,3,6.135013
532,4,4.490811
533,0,1.255214
533,1,7.544930
533,2,8.685119
533,3,5.991797
533,4,5.778708
534,0,4.570758
534,1,13.014012
534,2,8.585238
534,3,7.589914
534,4,6.011273
535,0,7.530678
535,1,9.384470
535,2,10.318428
535,3,6.005767
535,4,4.633385
536,0,10.204682
536,1,6.004715
536,2,9.377386
536,3,8.582798
536,4,5.781811
537,0,9.610636
537,1,6.018229
537,2,4.616431
537,3,7.566518
537,4,10.198843
538,0,7.157496
538,1,1.296755
538,2,9.401470
538,3,4.630804
538,4,12.899270
539,0,5.964061
539,1,10.159389
539,2,4.745203
539,3,1.343565
539,4,7.217191
540,0,13.169999
540,1,10.539443
540,2,7.707109
540,3,7.137575
540,4,8.689319
541,0,10.230253
541,1,7.651933
541,2,1.286433
541,3,9.558962
541,4,4.643747
542,0,6.097658
542,1,10.250852
542,2,7.682693
542,3,1.285042
542,4,13.201550
543,0,5.821017
543,1,13.177324
543,2,1.311922
543,3,7.169341
543,4,8.601391
544,0,9.491214
544,1,1.288830
544,2,5.913306
544,3,7.755059
544,4,6.092628
545,0,10.392794
545,1,6.123573
545,2,1.342810
545,3,7.251798
545,4,8.766853
546,0,5.884885
546,1,7.736526
546,2,8.741139
546,3,1.316135
546,4,6.113585
547,0,5.886121
547,1,1.315265
547,2,4.699173
547,3,6.101202
547,4,9.565672
548,0,7.628969
548,1,4.677041
548,2,5.930332
548,3,8.641641
548,4,1.307777
549,0,10.333123
549,1,8.702623
549,2,4.793340
549,3,1.344479
549,4,5.887301
550,0,7.395343
550,1,8.668782
550,2,10.255377
550,3,6.079980
550,4,1.280617
551,0,5.813919
551,1,13.178392
551,2,9.415750
551,3,6.012163
551,4,8.591707
552,0,4.611294
552,1,10.193842
552,2,8.548611
552,3,1.282990
552,4,5.802738
553,0,5.726406
553,1,4.669252
553,2,5.993284
553,3,10.166026
553,4,7.064459
554,0,10.215693
554,1,7.503079
554,2,9.436398
554,3,4.584318
554,4,8.577010
555,0,10.423571
555,1,1.309443
555,2,8.561579
555,3,13.031756
555,4,7.598731
556,0,5.972283
556,1,9.330303
556,2,7.244637
556,3,7.609628
556,4,5.750355
557,0,9.466269
557,1,1.281595
557,2,13.009726
557,3,10.251829
557,4,7.575000
558,0,6.077592
558,1,10.140724
558,2,1.294189
558,3,7.131406
558,4,7.605960
559,0,9.361852
559,1,1.273367
559,2,5.926657
559,3,4.806334
559,4,6.071807
560,0,7.103274
560,1,5.890967
560,2,7.539732
560,3,1.310551
560,4,4.664826
561,0,8.562061
561,1,4.684499
561,2,5.986875
561,3,7.695055
561,4,5.686953
562,0,1.299695
562,1,5.972900
562,2,7.089964
562,3,13.095621
562,4,10.227829
563,0,6.131449
563,1,8.607990
563,2,7.614451
563,3,10.242566
563,4,9.437765
564,0,13.086093
564,1,6.060651
564,2,9.367542
564,3,7.634893
564,4,4.563442
565,0,1.292170
565,1,8.589376
565,2,6.076852
565,3,9.435820
565,4,4.615752
566,0,6.095737
566,1,7.565609
566,2,5.847496
566,3,9.478161
566,4,7.178177
567,0,5.852253
567,1,6.053924
567,2,1.296063
567,3,4.687165
567,4,9.379836
568,0,9.398946
568,1,7.344030
568,2,8.643661
568,3,4.574217
568,4,6.084129
569,0,5.817807
569,1,9.441381
569,2,4.607359
569,3,13.135322
569,4,1.301740
570,0,7.093056
570,1,9.405587
570,2,1.272821
570,3,6.046532
570,4,8.655835
571,0,5.774924
571,1,10.258248
571,2,6.055451
571,3,9.485936
571,4,7.590602
572,0,9.484537
572,1,8.845728
572,2,7.445527
572,3,7.599045
572,4,10.295188
573,0,4.584633
573,1,9.460398
573,2,8.656736
573,3,13.168370
573,4,7.650516
574,0,8.689138
574,1,7.607404
574,2,7.237514
574,3,5.761240
574,4,9.488651
575,0,4.617328
575,1,13.075500
575,2,5.877807
575,3,7.521475
575,4,6.131877
576,0,1.283848
576,1,8.790897
576,2,7.178763
576,3,9.506443
576,4,5.795646
577,0,4.726728
577,1,13.132847
577,2,6.011672
577,3,9.405681
577,4,10.220169
578,0,7.182428
578,1,7.553300
578,2,13.319922
578,3,4.640688
578,4,6.016820
579,0,6.121028
579,1,9.588569
579,2,7.053983
579,3,4.598779
579,4,7.585394
580,0,7.121728
580,1,13.105095
580,2,7.584232
580,3,10.297360
580,4,9.459789
581,0,13.162153
581,1,5.824321
581,2,4.706059
581,3,1.291912
581,4,8.659084
582,0,8.592449
582,1,5.903574
582,2,13.045688
582,3,10.182346
582,4,4.708394
583,0,8.601322
583,1,6.032434
583,2,13.101325
583,3,4.687492
583,4,10.407843
584,0,9.807241
584,1,7.097595
584,2,6.114154
584,3,4.624559
584,4,1.291214
585,0,7.636650
585,1,13.255379
585,2,1.307571
585,3,9.634647
585,4,10.306030
586,0,7.198084
586,1,4.654845
586,2,1.321102
586,3,8.655440
586,4,13.174787
587,0,13.155874
587,1,8.594782
587,2,10.369599
587,3,7.135022
587,4,7.699795
588,0,5.824525
588,1,7.741973
588,2,13.218397
588,3,7.141970
588,4,9.463647
589,0,8.627506
589,1,9.321579
589,2,7.843773
589,3,6.015478
589,4,13.019022
590,0,5.769657
590,1,7.683087
590,2,9.391325
590,3,1.286020
590,4,13.036997
591,0,8.590449
591,1,9.341421
591,2,13.047842
591,3,5.938555
591,4,10.229389
592,0,1.316794
592,1,10.228083
592,2,6.033700
592,3,13.372238
592,4,5.803209
593,0,6.998638
593,1,13.061319
593,2,5.801226
593,3,1.282999
593,4,7.484601
594,0,6.011029
594,1,7.620775
594,2,5.706432
594,3,10.191651
594,4,9.383849
595,0,9.374190
595,1,7.653731
595,2,4.551428
595,3,5.745559
595,4,6.005020
596,0,9.398198
596,1,1.295150
596,2,7.545394
596,3,5.968556
596,4,10.276090
597,0,6.090329
597,1,1.312908
597,2,7.025284
597,3,13.048567
597,4,8.694581
598,0,8.644140
598,1,6.033829
598,2,6.153089
598,3,7.534595
598,4,4.718901
599,0,4.577974
599,1,7.293265
599,2,6.032271
599,3,7.677510
599,4,9.478709
600,0,9.504798
600,1,10.219684
600,2,5.747284
600,3,8.936107
600,4,7.596976
601,0,13.191974
601,1,10.239022
601,2,5.861182
601,3,6.068750
601,4,7.150607
602,0,9.407901
602,1,7.188602
602,2,6.014729
602,3,7.584670
602,4,8.660582
603,0,10.297653
603,1,6.030006
603,2,1.283122
603,3,9.492532
603,4,13.109655
604,0,13.174223
604,1,8.564559
604,2,4.577434
604,3,7.087217
604,4,1.291541
605,0,7.477411
605,1,4.533915
605,2,12.859800
605,3,5.669644
605,4,10.151474
606,0,5.706784
606,1,7.399416
606,2,12.836893
606,3,10.237186
606,4,1.257504
607,0,7.028013
607,1,10.172059
607,2,9.312394
607,3,7.463904
607,4,5.771251
608,0,7.767851
608,1,4.529877
608,2,9.345538
608,3,6.942579
608,4,5.650800
609,0,5.967672
609,1,1.269115
609,2,10.036138
609,3,8.486857
609,4,9.271760
610,0,1.281425
610,1,6.986547
610,2,9.552220
610,3,4.583708
610,4,5.979446
611,0,9.242395
611,1,4.600743
611,2,10.020936
611,3,7.060459
611,4,1.267411
612,0,1.272481
612,1,7.140847
612,2,5.972887
612,3,5.709403
612,4,12.982840
613,0,8.542198
613,1,10.063191
613,2,5.659842
613,3,7.456682
613,4,4.493834
614,0,12.954113
614,1,10.088532
614,2,1.270635
614,3,5.933696
614,4,7.529498
615,0,7.556693
615,1,4.524684
615,2,10.073199
615,3,9.282915
615,4,7.011465
616,0,4.513088
616,1,1.267348
616,2,5.743181
616,3,12.986071
616,4,10.125110
617,0,7.231821
617,1,1.325773
617,2,5.938478
617,3,9.276364
617,4,4.561912
618,0,1.272888
618,1,5.705212
618,2,9.342162
618,3,7.010348
618,4,8.499338
619,0,5.745280
619,1,8.459318
619,2,9.285908
619,3,9.993289
619,4,5.887930
620,0,7.473922
620,1,6.017938
620,2,12.985312
620,3,7.014044
620,4,10.047677
621,0,5.744900
621,1,12.862496
621,2,9.987960
621,3,5.883798
621,4,8.383163
622,0,9.155620
622,1,12.907450
622,2,5.911210
622,3,7.432774
622,4,5.890348
623,0,9.182633
623,1,12.771831
623,2,5.635019
623,3,8.441651
623,4,1.267242
624,0,12.942308
624,1,1.267958
624,2,8.462456
624,3,7.007165
624,4,10.047532
625,0,10.031195
625,1,7.482835
625,2,5.720447
625,3,9.179542
625,4,7.010752
626,0,5.941815
626,1,10.399064
626,2,9.249720
626,3,7.049493
626,4,1.299897
627,0,5.955167
627,1,7.014667
627,2,1.300255
627,3,12.902800
627,4,4.558169
628,0,8.496197
628,1,7.166827
628,2,4.798881
628,3,5.999472
628,4,10.055494
629,0,10.052878
629,1,9.236538
629,2,1.264630
629,3,8.438294
629,4,4.534733
630,0,9.529271
630,1,7.599781
630,2,12.850916
630,3,5.710285
630,4,4.539895
631,0,5.922658
631,1,7.500000
631,2,8.498445
631,3,9.277695
631,4,5.722527
632,0,7.008234
632,1,1.265958
632,2,12.846713
632,3,4.559904
632,4,10.021994
633,0,7.455051
633,1,1.265840
633,2,4.519367
633,3,5.968830
633,4,8.445638
634,0,1.262479
634,1,6.981374
634,2,9.221781
634,3,5.897456
634,4,7.388324
635,0,9.247568
635,1,1.254385
635,2,7.473648
635,3,6.949424
635,4,10.007299
636,0,9.258963
636,1,12.834419
636,2,8.573489
636,3,5.904333
636,4,7.381083
637,0,7.379478
637,1,8.429427
637,2,12.879221
637,3,9.994170
637,4,5.679678
638,0,8.469114
638,1,12.970589
638,2,7.632423
638,3,1.263487
638,4,5.663361
639,0,5.923688
639,1,5.691879
639,2,12.845841
639,3,4.544964
639,4,10.087276
640,0,1.288767
640,1,7.511984
640,2,4.560285
640,3,6.999142
640,4,12.886121
641,0,7.002156
641,1,12.840695
641,2,7.422190
641,3,4.529495
641,4,8.412454
642,0,5.730998
642,1,7.000634
642,2,9.241818
642,3,7.475070
642,4,4.552186
643,0,4.547512
643,1,1.262803
643,2,12.885622
643,3,5.697978
643,4,9.236186
644,0,4.535605
644,1,5.675952
644,2,6.986513
644,3,1.267249
644,4,7.523989
645,0,7.470129
645,1,4.562403
645,2,8.543420
645,3,13.074689
645,4,5.723585
646,0,1.275206
646,1,6.978302
646,2,7.462905
646,3,4.549109
646,4,12.826330
647,0,10.090525
647,1,13.008783
647,2,5.746243
647,3,5.969535
647,4,7.035967
648,0,8.471881
648,1,5.725291
648,2,4.575773
648,3,6.994705
648,4,10.027310
649,0,12.847715
649,1,4.519558
649,2,5.951656
649,3,8.539678
649,4,7.007975
650,0,7.061274
650,1,8.773869
650,2,7.536749
650,3,12.898206
650,4,10.043610
651,0,6.997432
651,1,10.091608
651,2,5.717509
651,3,5.984062
651,4,12.996393
652,0,8.537803
652,1,12.908310
652,2,10.046874
652,3,1.298043
652,4,5.690735
653,0,7.460410
653,1,12.864880
653,2,1.271848
653,3,8.481854
653,4,5.720879
654,0,5.855796
654,1,7.039028
654,2,12.933894
654,3,10.115384
654,4,9.295784
655,0,10.081493
655,1,4.546252
655,2,7.508043
655,3,5.735450
655,4,5.943512
656,0,5.974491
656,1,5.745234
656,2,9.437664
656,3,8.541276
656,4,10.126316
657,0,4.584627
657,1,7.529582
657,2,7.096022
657,3,10.098016
657,4,9.269695
658,0,7.108963
658,1,4.585651
658,2,10.150573
658,3,1.299584
658,4,5.802402
659,0,7.101487
659,1,1.280356
659,2,6.005243
659,3,4.597802
659,4,5.796732
660,0,4.601445
660,1,6.009223
660,2,8.472092
660,3,10.046024
660,4,7.463203
661,0,8.450586
661,1,7.459311
661,2,1.259539
661,3,7.073857
661,4,5.987001
662,0,9.274385
662,1,1.268790
662,2,8.495563
662,3,7.046714
662,4,7.712795
663,0,7.446466
663,1,5.897486
663,2,12.880563
663,3,10.013551
663,4,9.296149
664,0,9.214423
664,1,5.950931
664,2,10.025415
664,3,7.008906
664,4,5.874334
665,0,9.985036
665,1,12.802968
665,2,1.260105
665,3,4.513394
665,4,9.217786
666,0,10.095760
666,1,5.727771
666,2,7.472452
666,3,6.980321
666,4,1.280915
667,0,1.275515
667,1,7.490821
667,2,8.623176
667,3,13.308361
667,4,9.892961
668,0,5.635526
668,1,12.695396
668,2,8.450702
668,3,4.548135
668,4,7.067132
669,0,7.547348
669,1,5.902261
669,2,6.954825
669,3,9.918931
669,4,5.632767
670,0,9.136528
670,1,1.259043
670,2,12.728252
670,3,8.355919
670,4,4.573040
671,0,7.390764
671,1,7.001335
671,2,9.204146
671,3,5.633160
671,4,12.785336
672,0,4.514342
672,1,12.799067
672,2,6.982361
672,3,8.470116
672,4,10.135266
673,0,12.886712
673,1,8.746826
673,2,5.961427
673,3,9.980278
673,4,1.248532
674,0,5.863829
674,1,7.433095
674,2,9.215997
674,3,6.942037
674,4,10.107621
675,0,7.487114
675,1,10.093646
675,2,12.948253
675,3,5.802022
675,4,4.564582
676,0,7.436047
676,1,4.624659
676,2,9.546318
676,3,5.708712
676,4,10.067266
677,0,8.575734
677,1,4.594073
677,2,5.979909
677,3,5.727729
677,4,9.274058
678,0,10.070217
678,1,12.885603
678,2,7.405777
678,3,5.926615
678,4,6.963792
679,0,8.474285
679,1,7.007114
679,2,10.033591
679,3,7.439846
679,4,5.965780
680,0,9.275177
680,1,1.276085
680,2,10.073242
680,3,5.948181
680,4,7.456298
681,0,7.464176
681,1,1.271898
681,2,10.313643
681,3,8.508456
681,4,9.244441
682,0,9.252945
682,1,4.529564
682,2,7.043041
682,3,8.455082
682,4,7.407796
683,0,4.541249
683,1,12.899758
683,2,1.276545
683,3,8.470096
683,4,7.119292
684,0,7.070167
684,1,1.292402
684,2,12.995136
684,3,5.780405
684,4,9.380592
685,0,6.047442
685,1,4.575985
685,2,1.277631
685,3,7.061615
685,4,7.537199
686,0,5.733462
686,1,10.214998
686,2,4.630817
686,3,7.545376
686,4,6.025733
687,0,8.526338
687,1,6.029054
687,2,5.802416
687,3,7.524103
687,4,4.581711
688,0,7.044850
688,1,9.321226
688,2,5.762715
688,3,7.559991
688,4,10.276905
689,0,4.592439
689,1,8.811834
689,2,1.282740
689,3,10.119826
689,4,6.020221
690,0,4.580659
690,1,8.581263
690,2,13.017308
690,3,7.533591
690,4,10.145321
691,0,1.311297
691,1,9.402772
691,2,7.092397
691,3,7.533128
691,4,5.979120
692,0,4.590149
692,1,1.299557
692,2,7.525914
692,3,5.757285
692,4,6.988492
693,0,4.576549
693,1,8.504150
693,2,7.513582
693,3,5.813707
693,4,13.201209
694,0,8.528369
694,1,4.588012
694,2,9.341160
694,3,13.017387
694,4,10.078532
695,0,9.324738
695,1,7.508452
695,2,5.788015
695,3,8.578760
695,4,10.178015
696,0,5.791535
696,1,4.601163
696,2,1.284387
696,3,7.511875
696,4,9.305985
697,0,5.770369
697,1,7.508233
697,2,5.995354
697,3,13.291354
697,4,9.399654
698,0,10.249094
698,1,8.548003
698,2,6.025978
698,3,9.384440
698,4,5.745432
699,0,9.282287
699,1,7.114792
699,2,5.987726
699,3,8.554353
699,4,5.741967
700,0,8.477232
700,1,5.763649
700,2,1.287104
700,3,6.170249
700,4,4.583385
701,0,6.969943
701,1,7.448017
701,2,12.859308
701,3,9.225998
701,4,6.137662
702,0,1.281413
702,1,5.992627
702,2,12.984089
702,3,9.325135
702,4,7.010497
703,0,5.964017
703,1,7.011006
703,2,8.488690
703,3,9.262237
703,4,7.573708
704,0,9.321285
704,1,8.536748
704,2,13.205155
704,3,7.462407
704,4,10.065569
705,0,7.034402
705,1,8.475854
705,2,5.832083
705,3,7.726757
705,4,9.479294
706,0,4.592713
706,1,6.002462
706,2,1.277658
706,3,9.303579
706,4,7.481033
707,0,7.009477
707,1,12.907585
707,2,5.932033
707,3,4.626351
707,4,10.077428
708,0,5.711414
708,1,12.916989
708,2,6.994130
708,3,4.575347
708,4,10.063556
709,0,9.289966
709,1,10.109570
709,2,5.766639
709,3,12.906173
709,4,6.962328
710,0,1.266236
710,1,7.462241
710,2,9.247649
710,3,13.138821
710,4,10.050603
711,0,5.738264
711,1,4.539867
711,2,9.256116
711,3,1.257828
711,4,6.966192
712,0,6.976090
712,1,4.518708
712,2,9.233810
712,3,7.423674
712,4,5.678304
713,0,7.533011
713,1,4.566222
713,2,8.540152
713,3,1.281568
713,4,5.718659
714,0,13.217981
714,1,4.554083
714,2,8.532126
714,3,7.055345
714,4,5.714074
715,0,7.709038
715,1,12.904787
715,2,8.529943
715,3,7.006832
715,4,1.263810
716,0,4.570122
716,1,12.884455
716,2,8.480566
716,3,6.979631
716,4,1.270233
717,0,4.538320
717,1,10.123336
717,2,7.030308
717,3,5.935296
717,4,7.547168
718,0,5.740798
718,1,1.282444
718,2,10.122762
718,3,5.979215
718,4,9.380322
719,0,9.345356
719,1,8.472953
719,2,12.854197
719,3,4.540494
719,4,5.712259
720,0,1.264122
720,1,12.726914
720,2,4.522474
720,3,5.898901
720,4,8.463516
721,0,7.478772
721,1,7.034483
721,2,5.928709
721,3,10.032460
721,4,5.703806
722,0,5.977665
722,1,7.444917
722,2,10.284087
722,3,8.505544
722,4,7.041831
723,0,12.918932
723,1,10.094100
723,2,9.311316
723,3,5.791009
723,4,7.501527
724,0,9.331739
724,1,8.496026
724,2,10.111471
724,3,12.946408
724,4,1.282875
725,0,13.071653
725,1,9.341925
725,2,5.703184
725,3,1.272145
725,4,10.023865
726,0,12.865602
726,1,10.160785
726,2,6.008407
726,3,7.062236
726,4,9.386138
727,0,10.157388
727,1,6.020174
727,2,7.060506
727,3,9.337524
727,4,5.746053
728,0,5.966429
728,1,5.768540
728,2,10.122865
728,3,1.306283
728,4,9.686477
729,0,1.280180
729,1,5.743159
729,2,10.118027
729,3,9.342591
729,4,7.042428
730,0,8.531636
730,1,7.039474
730,2,13.023333
730,3,5.993454
730,4,9.290475
731,0,1.268878
731,1,9.367318
731,2,7.011028
731,3,5.981739
731,4,8.513672
732,0,10.067205
732,1,5.710433
732,2,12.889485
732,3,8.478645
732,4,1.266593
733,0,4.709870
733,1,9.385722
733,2,7.537076
733,3,5.989008
733,4,7.030044
734,0,4.595500
734,1,7.506745
734,2,8.504369
734,3,5.755538
734,4,10.053876
735,0,10.047752
735,1,5.691906
735,2,4.522084
735,3,7.492606
735,4,8.470082
736,0,6.012751
736,1,7.277060
736,2,7.524523
736,3,12.954479
736,4,4.553551
737,0,5.709130
737,1,9.979513
737,2,9.208375
737,3,1.260264
737,4,7.404651
738,0,12.808592
738,1,9.307832
738,2,5.996871
738,3,7.471491
738,4,10.036194
739,0,5.956921
739,1,7.512604
739,2,12.925017
739,3,6.998861
739,4,4.518473
740,0,5.959678
740,1,10.015103
740,2,12.989920
740,3,7.590146
740,4,5.931965
741,0,5.995789
741,1,7.028105
741,2,12.949364
741,3,5.755844
741,4,4.555486
742,0,12.905752
742,1,5.949912
742,2,1.275214
742,3,5.693347
742,4,10.109090
743,0,4.634074
743,1,12.952286
743,2,5.745501
743,3,8.672974
743,4,9.390789
744,0,5.951152
744,1,8.418134
744,2,4.560646
744,3,12.822958
744,4,9.207817
745,0,5.902049
745,1,8.504463
745,2,9.253673
745,3,10.036213
745,4,4.533145
746,0,12.898832
746,1,10.010285
746,2,1.284800
746,3,5.947361
746,4,7.483080
747,0,8.468606
747,1,5.982259
747,2,9.288460
747,3,1.263039
747,4,10.053919
748,0,6.953377
748,1,4.543494
748,2,10.031128
748,3,1.261847
748,4,8.381764
749,0,5.881642
749,1,5.650054
749,2,7.375390
749,3,9.145598
749,4,4.557565
750,0,1.327483
750,1,9.288702
750,2,4.518583
750,3,6.981444
750,4,5.676778
751,0,4.534696
751,1,1.269432
751,2,5.850187
751,3,5.675094
751,4,8.364517
752,0,4.498198
752,1,9.943867
752,2,5.629105
752,3,9.231124
752,4,7.410854
753,0,1.261114
753,1,6.105353
753,2,7.783506
753,3,7.252242
753,4,9.165834
754,0,12.703920
754,1,8.339602
754,2,5.612179
754,3,9.954482
754,4,7.439452
755,0,5.646565
755,1,1.285567
755,2,6.177872
755,3,4.507282
755,4,8.397300
756,0,4.503821
756,1,9.177979
756,2,8.405137
756,3,9.958458
756,4,5.662116
757,0,5.650174
757,1,12.950197
757,2,8.419435
757,3,10.033507
757,4,5.932398
758,0,7.405121
758,1,9.976460
758,2,1.262001
758,3,5.656080
758,4,8.371089
759,0,12.761804
759,1,9.249346
759,2,1.266855
759,3,6.963905
759,4,5.883848
760,0,9.260926
760,1,1.256533
760,2,5.676458
760,3,8.410331
760,4,5.903343
761,0,9.180524
761,1,5.908657
761,2,5.682326
761,3,7.486934
761,4,10.036725
762,0,4.519781
762,1,9.260200
762,2,10.059324
762,3,5.925870
762,4,1.264105
763,0,1.265237
763,1,5.919700
763,2,6.947845
763,3,12.825385
763,4,8.409166
764,0,8.545191
764,1,4.547876
764,2,10.043433
764,3,7.044264
764,4,5.925331
765,0,12.966104
765,1,8.774038
765,2,7.509302
765,3,7.050970
765,4,10.066525
766,0,10.151912
766,1,1.279584
766,2,12.995212
766,3,9.594590
766,4,8.448480
767,0,8.525369
767,1,7.036268
767,2,10.030496
767,3,1.292080
767,4,12.916222
768,0,10.062931
768,1,5.762221
768,2,7.815436
768,3,1.268906
768,4,8.484320
769,0,4.534976
769,1,10.111693
769,2,7.038116
769,3,12.917495
769,4,1.267375
770,0,5.989115
770,1,7.123722
770,2,1.281946
770,3,9.500064
770,4,4.645729
771,0,13.115016
771,1,6.009768
771,2,7.600240
771,3,5.787420
771,4,7.094831
772,0,10.212549
772,1,5.816515
772,2,1.300540
772,3,4.639935
772,4,8.710143
773,0,6.090052
773,1,9.462414
773,2,8.660393
773,3,7.195054
773,4,13.192833
774,0,4.672129
774,1,7.611656
774,2,8.609844
774,3,5.774876
774,4,9.350842
775,0,1.284648
775,1,8.780866
775,2,5.807825
775,3,4.639226
775,4,9.415514
776,0,4.673021
776,1,7.628023
776,2,7.126278
776,3,5.828032
776,4,10.180889
777,0,4.597438
777,1,7.584629
777,2,1.276005
777,3,13.077411
777,4,9.376070
778,0,9.380785
778,1,8.607512
778,2,7.154890
778,3,1.301998
778,4,4.603167
779,0,13.257519
779,1,8.540717
779,2,7.638697
779,3,10.152214
779,4,4.632404
780,0,7.548857
780,1,13.142358
780,2,6.021803
780,3,7.148098
780,4,1.280483
781,0,10.207990
781,1,7.109870
781,2,7.545896
781,3,1.319557
781,4,13.029480
782,0,7.551723
782,1,10.179912
782,2,12.940247
782,3,6.033244
782,4,5.837808
783,0,10.176577
783,1,6.067863
783,2,13.088614
783,3,7.136958
783,4,8.609893
784,0,5.788267
784,1,8.523333
784,2,9.347760
784,3,10.093592
784,4,6.000817
785,0,8.519111
785,1,7.613854
785,2,1.309048
785,3,9.302999
785,4,12.965292
786,0,7.513469
786,1,12.959873
786,2,10.132959
786,3,7.081828
786,4,5.930740
787,0,9.389471
787,1,5.791307
787,2,7.795296
787,3,6.015704
787,4,10.048107
788,0,12.865611
788,1,9.252481
788,2,6.904146
788,3,4.578951
788,4,1.253783
789,0,5.891536
789,1,1.280769
789,2,9.231128
789,3,6.914520
789,4,10.055668
790,0,9.237689
790,1,10.049037
790,2,12.877567
790,3,8.465577
790,4,1.259800
791,0,7.472947
791,1,5.918815
791,2,13.058218
791,3,9.437371
791,4,5.672193
792,0,8.431450
792,1,13.105150
792,2,5.742969
792,3,10.047385
792,4,1.283437
793,0,4.513442
793,1,7.017212
793,2,5.920146
793,3,12.886873
793,4,7.555697
794,0,5.938857
794,1,4.521612
794,2,6.990178
794,3,7.402781
794,4,8.433639
795,0,7.440183
795,1,9.440859
795,2,5.892995
795,3,9.920149
795,4,8.353618
796,0,12.712211
796,1,5.648125
796,2,5.866547
796,3,9.195933
796,4,4.481347
797,0,9.142532
797,1,7.380509
797,2,1.255315
797,3,5.870678
797,4,12.725142
798,0,9.144075
798,1,5.921265
798,2,9.971777
798,3,4.497344
798,4,7.371743
799,0,12.930484
799,1,4.493335
799,2,1.284281
799,3,9.986985
799,4,6.952537
800,0,4.600327
800,1,8.446714
800,2,12.802889
800,3,6.958537
800,4,9.196196
801,0,9.999569
801,1,4.574450
801,2,7.597635
801,3,8.550399
801,4,7.077707
802,0,7.184285
802,1,4.601870
802,2,5.771780
802,3,7.624410
802,4,9.387302
803,0,7.067294
803,1,9.347717
803,2,10.093087
803,3,6.018279
803,4,5.782354
804,0,8.592762
804,1,9.412669
804,2,10.218585
804,3,7.535390
804,4,13.005340
805,0,9.246708
805,1,7.447580
805,2,5.938065
805,3,10.030880
805,4,8.345168
806,0,12.834245
806,1,5.867652
806,2,1.292760
806,3,9.370253
806,4,5.684118
807,0,12.960340
807,1,6.188930
807,2,7.172294
807,3,4.506760
807,4,9.248674
808,0,6.978616
808,1,9.997614
808,2,1.271448
808,3,5.931172
808,4,7.535785
809,0,7.017565
809,1,4.542474
809,2,8.455643
809,3,1.271612
809,4,7.446491
810,0,5.723810
810,1,4.559742
810,2,12.780085
810,3,9.947332
810,4,6.916221
811,0,5.922269
811,1,7.450523
811,2,5.657906
811,3,8.390605
811,4,4.538884
812,0,8.408893
812,1,5.905092
812,2,4.521108
812,3,7.485522
812,4,5.671629
813,0,8.399760
813,1,6.953616
813,2,9.176434
813,3,9.954859
813,4,5.967223
814,0,1.265529
814,1,5.968607
814,2,7.451428
814,3,12.841821
814,4,10.005579
815,0,1.280230
815,1,13.095481
815,2,9.934780
815,3,9.128727
815,4,8.350927
816,0,12.849066
816,1,10.060111
816,2,5.728489
816,3,9.199522
816,4,8.408204
817,0,8.443075
817,1,5.884421
817,2,1.260190
817,3,4.509339
817,4,9.167785
818,0,7.404953
818,1,6.932758
818,2,5.885988
818,3,10.071122
818,4,4.521869
819,0,1.265770
819,1,6.975581
819,2,12.846204
819,3,8.400461
819,4,5.926471
820,0,12.750154
820,1,1.258302
820,2,5.657932
820,3,9.954536
820,4,4.509123
821,0,8.407790
821,1,4.528815
821,2,9.221755
821,3,6.933828
821,4,9.959259
822,0,6.918151
822,1,4.496484
822,2,9.939244
822,3,5.876357
822,4,5.639774
823,0,6.989326
823,1,7.440859
823,2,9.985999
823,3,9.209321
823,4,4.549759
824,0,5.940840
824,1,6.931790
824,2,9.941737
824,3,8.356144
824,4,12.743502
825,0,4.530080
825,1,5.983006
825,2,10.041494
825,3,5.663781
825,4,1.255738
826,0,4.519334
826,1,1.264531
826,2,9.181141
826,3,12.787824
826,4,7.389700
827,0,12.743375
827,1,1.255410
827,2,9.153005
827,3,5.664060
827,4,5.882277
828,0,1.323137
828,1,4.716296
828,2,7.389072
828,3,6.915475
828,4,5.703387
829,0,7.381481
829,1,12.731534
829,2,8.354672
829,3,9.130186
829,4,7.264653
830,0,1.262514
830,1,9.992506
830,2,7.431100
830,3,12.798884
830,4,5.904500
831,0,4.520960
831,1,10.253179
831,2,5.670704
831,3,8.441433
831,4,9.211699
832,0,7.179448
832,1,5.693569
832,2,1.267730
832,3,7.420717
832,4,10.007878
833,0,8.361797
833,1,6.925709
833,2,12.715977
833,3,9.948367
833,4,4.513782
834,0,1.253190
834,1,5.625015
834,2,4.536494
834,3,8.317714
834,4,12.685890
835,0,9.137834
835,1,6.880670
835,2,1.250698
835,3,8.577996
835,4,9.878417
836,0,8.337811
836,1,1.254721
836,2,5.970220
836,3,9.198835
836,4,5.711644
837,0,8.425722
837,1,9.196445
837,2,6.974672
837,3,9.970950
837,4,12.804252
838,0,10.014189
838,1,9.268722
838,2,5.857001
838,3,13.032245
838,4,8.410720
839,0,4.523782
839,1,5.681170
839,2,6.965283
839,3,7.441478
839,4,1.263185
840,0,7.445146
840,1,4.655894
840,2,12.868664
840,3,5.705652
840,4,8.456179
841,0,5.713706
841,1,12.875740
841,2,8.435377
841,3,6.992449
841,4,4.507955
842,0,9.975826
842,1,9.192894
842,2,7.478057
842,3,12.946099
842,4,1.327778
843,0,10.063350
843,1,4.569991
843,2,12.886996
843,3,9.291946
843,4,1.272017
844,0,9.264573
844,1,12.873721
844,2,5.937932
844,3,9.997290
844,4,1.267047
845,0,1.268354
845,1,4.580913
845,2,9.352293
845,3,8.537243
845,4,7.027612
846,0,7.478055
846,1,1.268923
846,2,12.867811
846,3,4.522108
846,4,5.919083
847,0,12.830299
847,1,1.263185
847,2,9.996222
847,3,9.275280
847,4,7.443159
848,0,9.959172
848,1,4.499110
848,2,12.719723
848,3,5.631384
848,4,5.889216
849,0,5.665378
849,1,12.752125
849,2,6.948732
849,3,7.387086
849,4,9.095426
850,0,7.698327
850,1,4.573822
850,2,5.852258
850,3,9.980220
850,4,12.727715
851,0,8.377597
851,1,12.754478
851,2,1.259342
851,3,9.951414
851,4,7.678484
852,0,5.863176
852,1,4.473033
852,2,5.628418
852,3,9.848174
852,4,12.676346
853,0,12.797197
853,1,4.492959
853,2,9.131870
853,3,6.899446
853,4,5.654464
854,0,5.901654
854,1,9.222124
854,2,12.770693
854,3,9.972110
854,4,6.958184
855,0,4.521406
855,1,5.919924
855,2,10.073251
855,3,1.266279
855,4,8.421844
856,0,10.028762
856,1,7.453563
856,2,9.232997
856,3,1.264280
856,4,12.798737
857,0,9.217376
857,1,7.439537
857,2,10.080724
857,3,5.703756
857,4,1.272515
858,0,4.549659
858,1,6.994362
858,2,8.415863
858,3,1.259886
858,4,9.987131
859,0,8.373343
859,1,4.523537
859,2,7.370241
859,3,5.629169
859,4,12.690147
860,0,9.192188
860,1,4.500937
860,2,9.957858
860,3,5.651891
860,4,5.900888
861,0,5.860884
861,1,9.116014
861,2,8.285108
861,3,1.244854
861,4,7.342884
862,0,12.713367
862,1,7.324243
862,2,4.517079
862,3,8.365206
862,4,1.257161
863,0,7.359185
863,1,1.252987
863,2,12.905403
863,3,9.898223
863,4,5.835826
864,0,9.389004
864,1,4.466212
864,2,6.867555
864,3,1.270787
864,4,6.063854
865,0,7.347347
865,1,9.928625
865,2,4.467102
865,3,12.645971
865,4,1.250701
866,0,9.940475
866,1,6.884040
866,2,5.861720
866,3,8.304148
866,4,12.663674
867,0,12.621377
867,1,5.922071
867,2,5.618536
867,3,7.632232
867,4,4.513221
868,0,5.622879
868,1,4.515376
868,2,1.252307
868,3,5.851288
868,4,9.137056
869,0,6.880867
869,1,5.839552
869,2,9.841970
869,3,7.325247
869,4,12.674091
870,0,1.279728
870,1,4.477380
870,2,12.661698
870,3,5.623676
870,4,9.109282
871,0,4.471192
871,1,10.015689
871,2,12.770666
871,3,1.246408
871,4,7.328255
872,0,9.147966
872,1,5.849464
872,2,1.249810
872,3,4.525262
872,4,12.689318
873,0,9.186750
873,1,7.349895
873,2,9.886701
873,3,4.480185
873,4,6.892945
874,0,5.847809
874,1,6.944746
874,2,7.388826
874,3,4.508476
874,4,5.648937
875,0,8.361451
875,1,4.486618
875,2,9.901834
875,3,1.255150
875,4,9.137388
876,0,8.338114
876,1,12.742345
876,2,9.960175
876,3,1.250707
876,4,5.636769
877,0,5.847518
877,1,12.684518
877,2,9.882242
877,3,1.249612
877,4,5.615369
878,0,12.757997
878,1,7.367762
878,2,5.622321
878,3,6.922615
878,4,8.416389
879,0,9.908738
879,1,8.329032
879,2,5.629685
879,3,9.118395
879,4,12.658985
880,0,5.695326
880,1,9.933628
880,2,12.764124
880,3,7.740802
880,4,4.504615
881,0,12.717159
881,1,9.174211
881,2,9.921933
881,3,6.941196
881,4,4.547679
882,0,5.930037
882,1,12.758239
882,2,6.959330
882,3,7.389306
882,4,9.185899
883,0,12.747050
883,1,4.512609
883,2,5.654938
883,3,9.936301
883,4,5.883913
884,0,8.471537
884,1,1.260025
884,2,12.757716
884,3,6.935315
884,4,9.165353
885,0,9.946614
885,1,4.481598
885,2,9.130040
885,3,5.648279
885,4,12.720247
886,0,9.161112
886,1,5.709352
886,2,6.936190
886,3,7.374289
886,4,8.368443
887,0,9.913241
887,1,8.355670
887,2,5.627034
887,3,6.900526
887,4,4.492878
888,0,5.929397
888,1,9.946040
888,2,7.108227
888,3,7.469036
888,4,8.478611
889,0,7.498825
889,1,9.865439
889,2,8.334168
889,3,1.246626
889,4,12.704041
890,0,5.923700
890,1,7.330872
890,2,6.865483
890,3,5.595820
890,4,8.308966
891,0,6.887814
891,1,8.528013
891,2,4.467382
891,3,1.241817
891,4,12.711157
892,0,5.588963
892,1,9.840670
892,2,9.096608
892,3,5.820753
892,4,4.479977
893,0,5.838783
893,1,9.172658
893,2,5.626646
893,3,9.890838
893,4,8.321393
894,0,4.480081
894,1,9.886657
894,2,6.915981
894,3,9.083277
894,4,5.600893
895,0,1.245897
895,1,6.859051
895,2,4.462960
895,3,5.595816
895,4,5.864653
896,0,12.898335
896,1,9.162651
896,2,9.895369
896,3,8.335431
896,4,1.254646
897,0,7.363714
897,1,1.256655
897,2,6.938976
897,3,5.803927
897,4,9.900690
898,0,4.454838
898,1,8.264657
898,2,12.577317
898,3,5.576108
898,4,1.243418
899,0,5.608592
899,1,5.824295
899,2,12.672765
899,3,8.316048
899,4,7.333762
900,0,6.893610
900,1,12.710878
900,2,1.308063
900,3,7.529530
900,4,5.824856
901,0,7.335348
901,1,9.825912
901,2,8.330000
901,3,12.663867
901,4,5.631194
902,0,4.471789
902,1,1.246463
902,2,7.377964
902,3,8.335530
902,4,5.860835
903,0,7.405448
903,1,5.884516
903,2,1.252918
903,3,9.966712
903,4,9.117527
904,0,1.254040
904,1,9.891042
904,2,9.097917
904,3,4.527037
904,4,5.871956
905,0,7.422657
905,1,9.154441
905,2,8.366979
905,3,6.936396
905,4,4.494996
906,0,9.190739
906,1,1.251261
906,2,5.628363
906,3,10.188628
906,4,6.877606
907,0,12.654181
907,1,6.878561
907,2,1.246371
907,3,8.302060
907,4,9.233662
908,0,9.125236
908,1,4.476009
908,2,5.615054
908,3,6.887166
908,4,7.349020
909,0,7.393604
909,1,5.634332
909,2,12.675705
909,3,5.839350
909,4,1.247238
910,0,9.116596
910,1,7.551167
910,2,10.052756
910,3,6.925772
910,4,1.257611
911,0,5.865982
911,1,5.633585
911,2,1.246778
911,3,6.892186
911,4,7.367569
912,0,5.643034
912,1,9.238895
912,2,12.778689
912,3,6.932551
912,4,5.873104
913,0,9.943371
913,1,5.879777
913,2,7.385635
913,3,5.678830
913,4,9.264654
914,0,12.961433
914,1,5.914176
914,2,1.263326
914,3,7.428292
914,4,8.429784
915,0,8.457309
915,1,5.919368
915,2,1.261282
915,3,7.432348
915,4,4.523567
916,0,7.446091
916,1,6.935760
916,2,5.882342
916,3,9.946800
916,4,9.145117
917,0,9.119869
917,1,12.742919
917,2,5.903467
917,3,6.931978
917,4,1.248378
918,0,12.697389
918,1,6.918762
918,2,4.495167
918,3,5.863467
918,4,5.683583
919,0,6.887799
919,1,9.890046
919,2,7.349532
919,3,4.506955
919,4,9.126301
920,0,7.426847
920,1,4.496522
920,2,8.341622
920,3,12.745646
920,4,1.254161
921,0,6.930501
921,1,10.141644
921,2,5.856558
921,3,12.664794
921,4,4.506159
922,0,5.625777
922,1,4.471655
922,2,6.929214
922,3,5.862864
922,4,9.234320
923,0,8.388890
923,1,4.491827
923,2,1.290308
923,3,6.891809
923,4,5.851528
924,0,9.117071
924,1,9.904482
924,2,1.249275
924,3,8.638373
924,4,5.838907
925,0,1.250164
925,1,5.835849
925,2,8.316117
925,3,9.138357
925,4,4.473652
926,0,9.988983
926,1,5.654862
926,2,6.953270
926,3,8.373287
926,4,1.257875
927,0,7.430186
927,1,8.382987
927,2,4.487407
927,3,9.141898
927,4,6.913045
928,0,9.906516
928,1,9.211369
928,2,7.127924
928,3,5.706372
928,4,7.364608
929,0,12.729070
929,1,1.259002
929,2,5.880732
929,3,9.163280
929,4,8.424595
930,0,5.649341
930,1,4.496171
930,2,6.116163
930,3,8.416518
930,4,12.669087
931,0,9.246088
931,1,9.938848
931,2,12.728396
931,3,6.936282
931,4,4.506039
932,0,4.734902
932,1,9.923693
932,2,9.136652
932,3,12.667835
932,4,5.889766
933,0,1.248886
933,1,5.868167
933,2,7.414048
933,3,9.872091
933,4,5.609000
934,0,5.665839
934,1,9.913360
934,2,9.156654
934,3,12.729862
934,4,1.246578
935,0,9.066294
935,1,7.285025
935,2,1.241179
935,3,6.835307
935,4,5.570593
936,0,5.590031
936,1,8.349746
936,2,6.873010
936,3,7.353542
936,4,5.844805
937,0,9.944417
937,1,8.377187
937,2,4.479009
937,3,5.856743
937,4,7.361617
938,0,5.651613
938,1,7.333474
938,2,9.123004
938,3,13.023671
938,4,6.926299
939,0,1.259046
939,1,6.913873
939,2,5.892383
939,3,9.104625
939,4,4.466116
940,0,9.864381
940,1,6.873803
940,2,8.344684
940,3,7.379172
940,4,5.712016
941,0,1.253830
941,1,8.368973
941,2,9.143949
941,3,6.955992
941,4,5.656254
942,0,6.959221
942,1,12.773001
942,2,5.926169
942,3,1.265895
942,4,10.051796
943,0,4.545328
943,1,5.959260
943,2,1.270450
943,3,10.058341
943,4,9.224281
944,0,12.693761
944,1,5.628986
944,2,9.923138
944,3,1.254910
944,4,5.841638
945,0,7.372172
945,1,9.131315
945,2,12.694350
945,3,9.901221
945,4,5.709323
946,0,4.485855
946,1,5.888700
946,2,1.250942
946,3,8.663769
946,4,5.780049
947,0,12.780965
947,1,5.633805
947,2,9.138794
947,3,5.875499
947,4,7.380544
948,0,9.944276
948,1,5.970242
948,2,9.166650
948,3,5.635443
948,4,12.732422
949,0,7.399720
949,1,1.254845
949,2,5.692481
949,3,8.353111
949,4,9.909394
950,0,4.473215
950,1,8.344123
950,2,12.877164
950,3,9.191204
950,4,1.320887
951,0,4.600701
951,1,12.650471
951,2,9.102880
951,3,9.885467
951,4,5.603442
952,0,7.305641
952,1,1.244513
952,2,9.852972
952,3,9.070932
952,4,5.816529
953,0,9.840395
953,1,5.888071
953,2,7.353249
953,3,9.076611
953,4,5.611609
954,0,5.885771
954,1,12.651667
954,2,1.244505
954,3,4.453265
954,4,9.850136
955,0,5.829105
955,1,12.600218
955,2,7.317024
955,3,9.167697
955,4,6.894053
956,0,12.657528
956,1,4.478507
956,2,9.917099
956,3,9.157906
956,4,5.615471
957,0,12.659995
957,1,5.625786
957,2,9.881918
957,3,5.844130
957,4,1.257359
958,0,9.202929
958,1,7.382729
958,2,1.257125
958,3,9.924789
958,4,6.934444
959,0,1.257083
959,1,9.113103
959,2,7.351164
959,3,9.879867
959,4,5.622172
960,0,5.853528
960,1,1.251318
960,2,6.929767
960,3,4.546603
960,4,8.381833
961,0,9.950073
961,1,8.385046
961,2,12.673854
961,3,1.246447
961,4,4.467929
962,0,7.324030
962,1,8.294598
962,2,9.079315
962,3,5.605812
962,4,6.945491
963,0,9.151597
963,1,7.352063
963,2,5.640246
963,3,9.877782
963,4,5.836678
964,0,9.092837
964,1,9.847214
964,2,6.856728
964,3,5.827959
964,4,4.501968
965,0,9.909893
965,1,6.913423
965,2,9.110162
965,3,5.823254
965,4,4.713992
966,0,7.302821
966,1,5.582337
966,2,9.077272
966,3,1.243227
966,4,8.294233
967,0,9.855957
967,1,5.621509
967,2,6.948778
967,3,12.946833
967,4,8.384579
968,0,9.893949
968,1,7.330977
968,2,1.245737
968,3,8.358963
968,4,6.868279
969,0,9.868385
969,1,5.875451
969,2,12.871604
969,3,5.678837
969,4,1.250740
970,0,7.136802
970,1,9.261441
970,2,8.392913
970,3,4.524190
970,4,5.678482
971,0,5.879663
971,1,1.263228
971,2,12.780195
971,3,7.408589
971,4,4.496971
972,0,5.884557
972,1,4.495688
972,2,1.268916
972,3,7.002782
972,4,9.979170
973,0,5.899085
973,1,5.664147
973,2,12.783586
973,3,7.369984
973,4,9.119977
974,0,4.489413
974,1,9.175339
974,2,1.254078
974,3,12.805979
974,4,5.895193
975,0,1.266160
975,1,5.889477
975,2,4.513425
975,3,6.931363
975,4,12.762148
976,0,9.435667
976,1,12.722468
976,2,8.354276
976,3,5.855132
976,4,5.632281
977,0,12.885527
977,1,5.864675
977,2,5.626803
977,3,7.377884
977,4,4.485164
978,0,9.122027
978,1,6.854018
978,2,9.869237
978,3,7.317504
978,4,8.291418
979,0,1.250718
979,1,7.400894
979,2,8.409508
979,3,9.327603
979,4,5.647543
980,0,9.208803
980,1,7.388582
980,2,1.253170
980,3,9.937707
980,4,6.949609
981,0,1.253015
981,1,4.479861
981,2,5.626840
981,3,12.719289
981,4,8.412101
982,0,4.696307
982,1,9.954571
982,2,8.327885
982,3,1.247848
982,4,7.347105
983,0,6.894495
983,1,9.873446
983,2,5.593853
983,3,5.820964
983,4,1.243602
984,0,5.666709
984,1,6.876608
984,2,4.454858
984,3,8.383910
984,4,5.867912
985,0,12.741882
985,1,4.480682
985,2,6.873842
985,3,9.851372
985,4,8.384793
986,0,9.264796
986,1,9.974138
986,2,1.264242
986,3,5.624033
986,4,5.861626
987,0,1.258357
987,1,8.333182
987,2,7.378248
987,3,12.663987
987,4,5.852380
988,0,5.862692
988,1,1.253962
988,2,6.913942
988,3,7.415079
988,4,9.955600
989,0,4.477639
989,1,8.333213
989,2,9.115947
989,3,9.843800
989,4,12.666756
990,0,1.247794
990,1,4.460592
990,2,12.673741
990,3,8.395465
990,4,9.907585
991,0,12.693433
991,1,5.842044
991,2,7.321806
991,3,9.901262
991,4,1.248275
992,0,8.301020
992,1,9.086613
992,2,12.749772
992,3,7.132827
992,4,5.899153
993,0,4.475059
993,1,5.632447
993,2,5.843556
993,3,9.915745
993,4,12.700180
994,0,6.903084
994,1,5.668550
994,2,7.341986
994,3,4.475934
994,4,8.314919
995,0,5.890912
995,1,7.377826
995,2,5.636031
995,3,12.694275
995,4,6.936746
996,0,5.894532
996,1,6.927394
996,2,9.125666
996,3,7.354042
996,4,12.686749
997,0,12.687953
997,1,9.993120
997,2,9.194771
997,3,5.643025
997,4,6.922841
998,0,5.882917
998,1,7.368561
998,2,12.690847
998,3,5.653098
998,4,4.477764
999,0,8.346116
999,1,6.881819
999,2,12.674436
999,3,9.329879
999,4,9.927936
