Round,ClientIndex,ExecutionTime(s)
1,0,17.277233
1,1,17.600387
1,2,17.480889
1,3,16.749858
1,4,16.811887
2,0,10.531763
2,1,11.780481
2,2,5.900176
2,3,8.294403
2,4,11.996439
3,0,14.515627
3,1,14.304217
3,2,13.080176
3,3,13.205638
3,4,14.201066
4,0,6.174057
4,1,14.273599
4,2,12.595196
4,3,11.981189
4,4,12.664087
5,0,11.884577
5,1,8.194237
5,2,11.676030
5,3,6.816027
5,4,10.485309
6,0,7.454299
6,1,13.391005
6,2,12.810906
6,3,12.833338
6,4,13.251808
7,0,11.152996
7,1,14.646837
7,2,8.226614
7,3,13.208041
7,4,13.021728
8,0,13.506548
8,1,14.127188
8,2,13.930069
8,3,15.430227
8,4,8.485635
9,0,16.208858
9,1,14.079622
9,2,15.506698
9,3,14.275478
9,4,13.960523
10,0,9.183264
10,1,14.237901
10,2,13.956916
10,3,14.287235
10,4,15.418585
11,0,9.616302
11,1,9.909607
11,2,11.790764
11,3,12.092275
11,4,12.032277
12,0,13.551594
12,1,13.577285
12,2,13.405671
12,3,13.663468
12,4,9.136287
13,0,11.961803
13,1,11.646740
13,2,9.882170
13,3,7.405266
13,4,11.044055
14,0,11.630669
14,1,15.478487
14,2,13.405099
14,3,13.749290
14,4,13.323894
15,0,14.750975
15,1,12.979231
15,2,6.730504
15,3,10.957753
15,4,12.972482
16,0,10.471501
16,1,12.514267
16,2,11.741260
16,3,9.189406
16,4,12.944088
17,0,15.128108
17,1,13.295004
17,2,8.099727
17,3,11.391532
17,4,13.896351
18,0,11.541806
18,1,5.967398
18,2,11.461500
18,3,12.947412
18,4,14.161107
19,0,11.242891
19,1,8.126600
19,2,6.607214
19,3,9.722132
19,4,12.821953
20,0,11.747026
20,1,11.431408
20,2,7.734143
20,3,10.759355
20,4,8.731737
21,0,11.938862
21,1,12.407288
21,2,12.130908
21,3,5.900359
21,4,14.303495
22,0,7.800227
22,1,11.357809
22,2,9.315259
22,3,6.022767
22,4,11.168137
23,0,8.492967
23,1,12.930234
23,2,11.684448
23,3,15.264415
23,4,14.005939
24,0,11.784061
24,1,11.658479
24,2,5.841999
24,3,11.814790
24,4,8.655809
25,0,12.593294
25,1,13.151438
25,2,12.158598
25,3,5.749418
25,4,14.872886
26,0,11.013109
26,1,8.881718
26,2,11.756192
26,3,13.766875
26,4,10.700325
27,0,9.375216
27,1,12.608909
27,2,9.026940
27,3,11.190220
27,4,12.339252
28,0,11.770686
28,1,11.831671
28,2,12.162756
28,3,5.768487
28,4,14.241300
29,0,13.027010
29,1,13.067742
29,2,10.388812
29,3,14.414469
29,4,10.069841
30,0,13.727574
30,1,13.404088
30,2,8.622125
30,3,13.361753
30,4,11.441787
31,0,12.901913
31,1,11.375857
31,2,8.513928
31,3,6.612773
31,4,9.307344
32,0,14.174341
32,1,13.405359
32,2,10.810737
32,3,15.312572
32,4,12.503684
33,0,7.350997
33,1,11.972803
33,2,12.010053
33,3,9.637069
33,4,10.661444
34,0,15.535428
34,1,10.678038
34,2,13.811637
34,3,13.762418
34,4,12.981821
35,0,9.573296
35,1,8.482337
35,2,11.193120
35,3,11.878600
35,4,11.995017
36,0,15.632407
36,1,13.042625
36,2,12.501369
36,3,13.415496
36,4,14.533174
37,0,5.847356
37,1,9.455870
37,2,8.081644
37,3,10.292500
37,4,10.023740
38,0,10.092865
38,1,12.862257
38,2,13.283575
38,3,12.804131
38,4,11.966409
39,0,11.763473
39,1,6.550235
39,2,8.301448
39,3,10.438504
39,4,13.442773
40,0,14.414317
40,1,15.235168
40,2,13.136676
40,3,8.506257
40,4,12.750238
41,0,12.405780
41,1,13.430026
41,2,11.609618
41,3,13.410573
41,4,8.457135
42,0,12.083035
42,1,5.891119
42,2,12.766959
42,3,11.850586
42,4,14.392036
43,0,13.183253
43,1,14.976119
43,2,8.350152
43,3,13.340584
43,4,12.834084
44,0,11.435678
44,1,9.353570
44,2,9.197929
44,3,11.338796
44,4,6.102611
45,0,12.230151
45,1,11.156042
45,2,6.808809
45,3,11.981129
45,4,8.496227
46,0,9.812384
46,1,12.540047
46,2,9.883765
46,3,14.059081
46,4,12.021894
47,0,7.135966
47,1,11.369436
47,2,10.043731
47,3,11.062118
47,4,11.522892
48,0,11.874978
48,1,6.309698
48,2,11.597122
48,3,8.184739
48,4,11.820290
49,0,6.667030
49,1,9.275326
49,2,11.784801
49,3,10.489937
49,4,12.165558
50,0,8.844095
50,1,10.917608
50,2,13.394383
50,3,11.885746
50,4,7.067924
51,0,13.313197
51,1,6.059486
51,2,11.965959
51,3,12.516834
51,4,13.000156
52,0,12.305850
52,1,5.834058
52,2,11.470405
52,3,9.549250
52,4,12.259043
53,0,9.335315
53,1,6.015625
53,2,11.200883
53,3,9.363092
53,4,11.101998
54,0,12.944083
54,1,12.539955
54,2,13.158477
54,3,9.413092
54,4,13.294134
55,0,12.794638
55,1,11.658781
55,2,6.104388
55,3,13.089791
55,4,12.832670
56,0,12.721013
56,1,11.239588
56,2,9.563296
56,3,8.580056
56,4,7.682918
57,0,13.677573
57,1,9.545674
57,2,13.612582
57,3,13.408676
57,4,11.470688
58,0,13.552990
58,1,11.614545
58,2,12.243626
58,3,10.130765
58,4,7.737830
59,0,14.548518
59,1,7.082864
59,2,12.384033
59,3,12.518598
59,4,11.388091
60,0,11.895178
60,1,9.266721
60,2,6.182356
60,3,12.231536
60,4,12.270660
61,0,10.195457
61,1,13.281745
61,2,13.387904
61,3,13.523432
61,4,11.843516
62,0,11.833591
62,1,6.503811
62,2,11.120357
62,3,13.729620
62,4,9.503864
63,0,11.912516
63,1,9.475188
63,2,13.146366
63,3,10.519516
63,4,6.517906
64,0,10.896142
64,1,13.907431
64,2,11.752927
64,3,15.183341
64,4,13.297628
65,0,12.736772
65,1,6.318155
65,2,10.704003
65,3,9.234297
65,4,8.496394
66,0,12.289594
66,1,13.891980
66,2,10.351737
66,3,5.857395
66,4,12.468760
67,0,8.114859
67,1,11.274755
67,2,6.089702
67,3,11.390655
67,4,11.465390
68,0,12.923621
68,1,11.952354
68,2,13.355494
68,3,10.255543
68,4,11.766982
69,0,8.823899
69,1,10.914162
69,2,13.461677
69,3,5.990130
69,4,12.250406
70,0,13.051263
70,1,6.280566
70,2,13.272708
70,3,15.060287
70,4,12.699137
71,0,13.618202
71,1,13.322042
71,2,8.818227
71,3,11.378082
71,4,13.074830
72,0,11.262437
72,1,8.468664
72,2,10.080220
72,3,12.157231
72,4,12.304821
73,0,10.976177
73,1,13.052217
73,2,12.484759
73,3,6.307683
73,4,12.922439
74,0,12.649873
74,1,11.801485
74,2,12.469108
74,3,7.471531
74,4,12.148291
75,0,7.423982
75,1,13.014678
75,2,13.530840
75,3,13.623658
75,4,13.173965
76,0,13.555437
76,1,12.388548
76,2,13.372607
76,3,13.691570
76,4,8.812334
77,0,12.190540
77,1,9.104254
77,2,5.847437
77,3,12.154271
77,4,12.340346
78,0,12.420738
78,1,13.686338
78,2,14.558234
78,3,14.024113
78,4,14.449739
79,0,12.573470
79,1,6.101792
79,2,12.719571
79,3,11.416423
79,4,12.159949
80,0,11.722248
80,1,10.932966
80,2,13.726023
80,3,12.891916
80,4,15.405162
81,0,13.084651
81,1,13.086378
81,2,13.042734
81,3,6.539834
81,4,11.907374
82,0,12.945976
82,1,7.497768
82,2,11.660591
82,3,12.458637
82,4,14.300425
83,0,12.840828
83,1,9.627835
83,2,11.621092
83,3,13.965434
83,4,6.353889
84,0,14.095712
84,1,12.848253
84,2,8.852499
84,3,12.864868
84,4,6.201969
85,0,13.688861
85,1,15.433234
85,2,14.166399
85,3,11.547011
85,4,12.649806
86,0,7.607620
86,1,8.665226
86,2,13.690647
86,3,12.389532
86,4,11.011753
87,0,13.672308
87,1,13.127096
87,2,8.493951
87,3,12.394578
87,4,12.670038
88,0,11.459248
88,1,6.794171
88,2,11.038204
88,3,8.671856
88,4,11.466833
89,0,11.416527
89,1,10.643002
89,2,5.944436
89,3,7.621497
89,4,11.867937
90,0,13.912134
90,1,13.000170
90,2,15.008932
90,3,9.023817
90,4,13.930378
91,0,9.983144
91,1,12.561522
91,2,8.924358
91,3,12.514682
91,4,12.388907
92,0,11.863648
92,1,11.863775
92,2,6.037692
92,3,9.084003
92,4,11.883360
93,0,9.741817
93,1,13.855369
93,2,12.023183
93,3,12.967438
93,4,13.696069
94,0,11.928892
94,1,9.763141
94,2,12.727270
94,3,13.374786
94,4,15.129174
95,0,12.122616
95,1,12.491894
95,2,12.541612
95,3,9.410254
95,4,10.679769
96,0,6.619422
96,1,13.254379
96,2,11.531767
96,3,14.348232
96,4,10.771528
97,0,12.681895
97,1,11.733254
97,2,8.875444
97,3,11.207797
97,4,12.257351
98,0,5.745687
98,1,9.030625
98,2,11.385401
98,3,12.008627
98,4,13.736146
99,0,12.129735
99,1,7.101535
99,2,13.252780
99,3,13.362750
99,4,13.379560
100,0,13.497491
100,1,13.717843
100,2,13.829695
100,3,15.289475
100,4,9.373117
101,0,13.538092
101,1,14.042619
101,2,13.108954
101,3,11.980786
101,4,9.225114
102,0,12.690756
102,1,14.540272
102,2,13.192239
102,3,9.464143
102,4,11.259778
103,0,13.898015
103,1,14.962845
103,2,14.463783
103,3,14.245559
103,4,14.258692
104,0,13.028751
104,1,11.616277
104,2,12.692733
104,3,12.262222
104,4,7.200243
105,0,14.504683
105,1,12.615108
105,2,9.580227
105,3,12.181906
105,4,9.603889
106,0,13.581597
106,1,14.723332
106,2,12.496924
106,3,5.791849
106,4,12.400908
107,0,13.096129
107,1,13.149870
107,2,13.326200
107,3,13.482480
107,4,8.613775
108,0,12.606136
108,1,6.197737
108,2,12.861087
108,3,10.481566
108,4,13.120664
109,0,13.275290
109,1,12.869966
109,2,9.346188
109,3,13.240321
109,4,13.149161
110,0,8.674995
110,1,8.605568
110,2,10.741228
110,3,6.949253
110,4,10.373173
111,0,14.655388
111,1,12.914849
111,2,14.328051
111,3,12.949230
111,4,15.875812
112,0,16.539971
112,1,14.488908
112,2,13.170212
112,3,15.618155
112,4,14.906319
113,0,12.717977
113,1,13.086126
113,2,12.425860
113,3,15.224657
113,4,8.667235
114,0,11.835305
114,1,6.636032
114,2,12.409647
114,3,12.021052
114,4,12.915253
115,0,13.168265
115,1,11.579533
115,2,14.017220
115,3,13.046679
115,4,14.152930
116,0,9.403437
116,1,11.511835
116,2,14.942730
116,3,12.325949
116,4,13.901757
117,0,9.026112
117,1,12.924444
117,2,13.065135
117,3,14.993679
117,4,12.546792
118,0,8.305146
118,1,6.264501
118,2,10.654443
118,3,13.267796
118,4,11.986793
119,0,12.971863
119,1,12.007105
119,2,12.563308
119,3,7.403518
119,4,14.537337
120,0,14.664933
120,1,9.174914
120,2,13.485073
120,3,14.033922
120,4,15.779110
121,0,12.536745
121,1,12.090168
121,2,7.122221
121,3,12.966438
121,4,12.444478
122,0,12.315986
122,1,12.485157
122,2,13.804445
122,3,6.412038
122,4,10.154013
123,0,11.404953
123,1,11.259768
123,2,8.894353
123,3,5.952162
123,4,10.162899
124,0,12.489824
124,1,15.082126
124,2,11.790090
124,3,13.663015
124,4,8.331800
125,0,11.209425
125,1,7.979333
125,2,5.592631
125,3,11.966841
125,4,13.395237
126,0,12.779879
126,1,13.132693
126,2,6.446868
126,3,13.357827
126,4,13.333729
127,0,13.855589
127,1,15.083928
127,2,8.430879
127,3,12.117529
127,4,14.034353
128,0,11.897325
128,1,8.753476
128,2,6.122799
128,3,12.118230
128,4,11.625290
129,0,14.821236
129,1,13.428216
129,2,11.627203
129,3,7.952564
129,4,13.486109
130,0,13.546738
130,1,12.753108
130,2,13.632354
130,3,10.917701
130,4,13.657485
131,0,14.429564
131,1,14.095744
131,2,14.151438
131,3,12.863625
131,4,14.302828
132,0,6.469343
132,1,8.653121
132,2,11.171961
132,3,8.595724
132,4,11.119034
133,0,9.088656
133,1,10.596789
133,2,5.799582
133,3,11.179190
133,4,8.008164
134,0,12.055174
134,1,12.994996
134,2,13.381229
134,3,13.096649
134,4,11.543678
135,0,14.686800
135,1,11.830503
135,2,16.083017
135,3,13.823066
135,4,15.092192
136,0,6.098922
136,1,11.170523
136,2,9.174654
136,3,11.634887
136,4,10.218564
137,0,9.327336
137,1,12.810650
137,2,9.012939
137,3,12.585975
137,4,12.187510
138,0,13.374267
138,1,9.326874
138,2,13.692762
138,3,13.367396
138,4,13.708706
139,0,12.376874
139,1,13.718762
139,2,14.990124
139,3,13.342564
139,4,9.874099
140,0,12.956237
140,1,12.762233
140,2,9.241984
140,3,12.068430
140,4,11.487405
141,0,12.487480
141,1,12.377001
141,2,14.307497
141,3,12.201150
141,4,11.395999
142,0,12.718346
142,1,6.004254
142,2,13.819406
142,3,12.776223
142,4,8.459242
143,0,12.113955
143,1,9.021490
143,2,10.784476
143,3,11.871056
143,4,11.525929
144,0,12.878810
144,1,12.697067
144,2,8.915657
144,3,12.820419
144,4,9.307943
145,0,8.146249
145,1,12.013153
145,2,13.193152
145,3,9.340882
145,4,14.282224
146,0,13.441392
146,1,13.604265
146,2,9.499748
146,3,13.814894
146,4,15.203347
147,0,8.257785
147,1,12.243833
147,2,12.334781
147,3,12.812799
147,4,9.261929
148,0,14.715569
148,1,12.790305
148,2,6.011094
148,3,13.195336
148,4,13.329690
149,0,15.280856
149,1,9.610826
149,2,13.240234
149,3,14.096828
149,4,13.657421
150,0,13.840318
150,1,6.335804
150,2,12.084220
150,3,12.934451
150,4,8.581156
151,0,6.623008
151,1,13.417780
151,2,11.838005
151,3,12.109626
151,4,8.603402
152,0,13.423665
152,1,10.785878
152,2,12.855688
152,3,13.424489
152,4,8.912182
153,0,12.198483
153,1,12.224365
153,2,8.961286
153,3,12.178864
153,4,7.456305
154,0,13.214527
154,1,11.954862
154,2,12.022893
154,3,13.248370
154,4,9.522037
155,0,11.081730
155,1,14.655235
155,2,12.686939
155,3,13.357344
155,4,8.629217
156,0,12.025987
156,1,8.995791
156,2,10.893940
156,3,6.790559
156,4,12.013095
157,0,10.652512
157,1,8.084911
157,2,11.846235
157,3,11.391954
157,4,11.811580
158,0,12.148551
158,1,12.495700
158,2,12.107201
158,3,11.534140
158,4,5.806674
159,0,10.778347
159,1,14.391059
159,2,6.286598
159,3,12.811432
159,4,12.774482
160,0,12.720849
160,1,12.777993
160,2,12.052548
160,3,14.094893
160,4,6.101936
161,0,14.726357
161,1,7.063685
161,2,12.862192
161,3,12.496665
161,4,13.033437
162,0,10.852888
162,1,12.400458
162,2,8.651948
162,3,14.242515
162,4,13.055239
163,0,6.355913
163,1,10.238966
163,2,10.070246
163,3,8.084936
163,4,8.934563
164,0,5.978446
164,1,13.034065
164,2,14.188699
164,3,11.928251
164,4,12.210832
165,0,13.097350
165,1,13.391199
165,2,13.489312
165,3,10.158551
165,4,12.974050
166,0,13.049118
166,1,12.514240
166,2,12.050492
166,3,12.893360
166,4,9.974331
167,0,13.566684
167,1,12.126957
167,2,12.642944
167,3,7.734087
167,4,14.791715
168,0,10.910528
168,1,13.441250
168,2,11.544906
168,3,10.687283
168,4,9.325911
169,0,12.460392
169,1,11.298427
169,2,13.040393
169,3,12.412543
169,4,13.176687
170,0,11.623851
170,1,10.450796
170,2,8.755865
170,3,12.926383
170,4,6.282571
171,0,8.926987
171,1,13.768751
171,2,12.214149
171,3,10.832829
171,4,11.343204
172,0,12.982337
172,1,10.333957
172,2,12.276453
172,3,13.169508
172,4,11.022774
173,0,12.490767
173,1,5.775533
173,2,12.208457
173,3,11.966276
173,4,11.503236
174,0,15.038974
174,1,13.904745
174,2,13.493232
174,3,10.063138
174,4,10.816304
175,0,9.610772
175,1,8.129164
175,2,12.416035
175,3,11.963564
175,4,11.710540
176,0,13.864238
176,1,12.556505
176,2,13.251049
176,3,13.491317
176,4,6.223667
177,0,15.051188
177,1,13.278792
177,2,17.282965
177,3,15.290369
177,4,16.515195
178,0,8.710257
178,1,10.146852
178,2,13.175897
178,3,13.482020
178,4,12.870112
179,0,13.436234
179,1,6.132282
179,2,12.395890
179,3,13.574532
179,4,15.441818
180,0,13.857156
180,1,16.452706
180,2,12.699210
180,3,14.029712
180,4,15.439026
181,0,14.069028
181,1,12.315539
181,2,14.866091
181,3,16.691269
181,4,14.528631
182,0,15.842441
182,1,15.017939
182,2,14.257899
182,3,17.672242
182,4,15.783616
183,0,6.218562
183,1,13.777985
183,2,10.844646
183,3,12.275205
183,4,9.977518
184,0,9.417166
184,1,13.288689
184,2,13.770559
184,3,10.158507
184,4,12.938636
185,0,10.209972
185,1,12.744009
185,2,11.452451
185,3,12.483109
185,4,7.893475
186,0,7.888497
186,1,9.874929
186,2,12.540188
186,3,13.342309
186,4,12.773114
187,0,14.695927
187,1,9.228732
187,2,13.884400
187,3,14.472428
187,4,13.760538
188,0,13.275213
188,1,14.349716
188,2,13.991817
188,3,9.866902
188,4,13.935248
189,0,13.780322
189,1,15.523425
189,2,11.768250
189,3,8.319083
189,4,14.099577
190,0,11.112426
190,1,13.850717
190,2,14.796255
190,3,14.755962
190,4,13.399238
191,0,15.494104
191,1,9.328187
191,2,11.959370
191,3,13.566378
191,4,13.653270
192,0,9.632064
192,1,14.481660
192,2,13.157194
192,3,12.552530
192,4,7.210415
193,0,14.293021
193,1,13.683129
193,2,15.751170
193,3,10.341872
193,4,12.142991
194,0,15.814891
194,1,13.407786
194,2,12.681356
194,3,14.536704
194,4,10.213103
195,0,13.709443
195,1,14.155664
195,2,9.597769
195,3,15.745101
195,4,16.802254
196,0,5.988570
196,1,11.533819
196,2,12.624472
196,3,11.357911
196,4,12.405103
197,0,10.801629
197,1,10.661317
197,2,6.947448
197,3,11.744519
197,4,9.163299
198,0,9.275258
198,1,16.212144
198,2,14.694891
198,3,13.792534
198,4,14.443352
199,0,9.101832
199,1,11.975300
199,2,6.941912
199,3,10.468524
199,4,11.817571
200,0,10.560607
200,1,14.429526
200,2,14.293688
200,3,12.410269
200,4,13.688474
201,0,12.685818
201,1,13.136368
201,2,12.724170
201,3,10.936852
201,4,6.479812
202,0,9.834533
202,1,13.475734
202,2,11.076776
202,3,12.123681
202,4,12.551320
203,0,12.509256
203,1,14.670429
203,2,13.532746
203,3,9.530745
203,4,16.307939
204,0,13.625058
204,1,14.285992
204,2,8.398611
204,3,16.290719
204,4,15.154887
205,0,11.357459
205,1,6.123477
205,2,11.282779
205,3,12.016886
205,4,8.647818
206,0,12.926507
206,1,11.630835
206,2,9.512316
206,3,9.911328
206,4,12.620423
207,0,10.873768
207,1,9.259547
207,2,13.398458
207,3,13.489870
207,4,13.375410
208,0,9.679033
208,1,13.780269
208,2,15.981635
208,3,14.106484
208,4,14.418225
209,0,14.331439
209,1,14.308569
209,2,13.543394
209,3,14.740719
209,4,9.321280
210,0,12.676322
210,1,6.628396
210,2,12.946009
210,3,12.233086
210,4,11.618603
211,0,7.119187
211,1,12.603335
211,2,12.648958
211,3,12.234150
211,4,10.505289
212,0,14.637552
212,1,6.968269
212,2,8.843498
212,3,13.463265
212,4,12.891544
213,0,9.135277
213,1,6.681681
213,2,11.571202
213,3,14.566728
213,4,12.671921
214,0,10.855404
214,1,9.024656
214,2,6.409462
214,3,12.654997
214,4,12.670752
215,0,6.295708
215,1,14.131953
215,2,13.934457
215,3,14.176524
215,4,13.968643
216,0,12.489148
216,1,12.409665
216,2,14.292917
216,3,15.562132
216,4,10.217464
217,0,11.732128
217,1,12.012416
217,2,11.346110
217,3,7.609423
217,4,10.187444
218,0,13.258563
218,1,13.064915
218,2,9.571594
218,3,10.124857
218,4,12.797165
219,0,12.903041
219,1,13.848565
219,2,9.396583
219,3,16.074312
219,4,14.929455
220,0,12.579761
220,1,12.568146
220,2,13.646103
220,3,7.782843
220,4,15.361305
221,0,16.777008
221,1,10.397954
221,2,14.200179
221,3,14.765853
221,4,14.815742
222,0,6.700008
222,1,12.278406
222,2,8.555717
222,3,12.766937
222,4,12.088925
223,0,12.317282
223,1,7.279714
223,2,10.120352
223,3,12.254213
223,4,11.559597
224,0,7.064134
224,1,12.443344
224,2,9.672113
224,3,13.685160
224,4,8.826613
225,0,9.616402
225,1,9.437712
225,2,11.256667
225,3,11.881407
225,4,6.126356
226,0,12.037303
226,1,9.494126
226,2,12.997064
226,3,6.641975
226,4,13.198033
227,0,13.676598
227,1,12.416472
227,2,13.265475
227,3,7.404228
227,4,13.924872
228,0,16.840263
228,1,14.835649
228,2,14.257248
228,3,14.682379
228,4,13.086481
229,0,15.172882
229,1,12.395222
229,2,14.957701
229,3,14.002418
229,4,15.542762
230,0,11.106044
230,1,6.323505
230,2,8.859719
230,3,13.807234
230,4,11.598477
231,0,8.701286
231,1,14.284819
231,2,12.263832
231,3,7.421407
231,4,12.968399
232,0,14.188494
232,1,13.898922
232,2,12.756532
232,3,14.198715
232,4,10.271868
233,0,11.439353
233,1,6.342832
233,2,9.013359
233,3,11.299899
233,4,12.059743
234,0,5.999964
234,1,13.097656
234,2,12.585402
234,3,13.273567
234,4,13.687892
235,0,9.891346
235,1,15.094028
235,2,12.782746
235,3,13.184146
235,4,11.076614
236,0,11.887648
236,1,14.851662
236,2,13.929830
236,3,15.011981
236,4,16.588242
237,0,8.983955
237,1,13.625306
237,2,16.002449
237,3,12.411121
237,4,14.586762
238,0,12.546909
238,1,13.120954
238,2,14.273517
238,3,14.338274
238,4,12.109796
239,0,10.044046
239,1,9.334459
239,2,7.004756
239,3,11.878392
239,4,12.132598
240,0,17.703706
240,1,14.153274
240,2,16.227118
240,3,15.661457
240,4,15.457081
241,0,11.974779
241,1,11.848539
241,2,8.427932
241,3,12.629583
241,4,7.037037
242,0,14.622636
242,1,16.080082
242,2,14.512050
242,3,14.580209
242,4,14.561130
243,0,13.215760
243,1,13.882175
243,2,11.287761
243,3,13.006354
243,4,9.672240
244,0,12.615865
244,1,8.944386
244,2,7.073931
244,3,11.872800
244,4,12.440778
245,0,12.742058
245,1,12.851238
245,2,12.960272
245,3,10.835732
245,4,12.688136
246,0,12.011883
246,1,10.909696
246,2,6.676259
246,3,8.886066
246,4,12.055328
247,0,11.780414
247,1,12.344056
247,2,5.536888
247,3,13.973757
247,4,10.704839
248,0,12.256546
248,1,14.273512
248,2,8.833783
248,3,10.825889
248,4,12.899014
249,0,11.901220
249,1,8.698282
249,2,10.907227
249,3,12.000852
249,4,5.802752
250,0,15.163835
250,1,8.978793
250,2,12.875970
250,3,13.788380
250,4,13.859933
251,0,11.580142
251,1,12.180057
251,2,6.735062
251,3,12.853504
251,4,11.879647
252,0,14.141646
252,1,12.491460
252,2,13.868082
252,3,13.601064
252,4,13.301622
253,0,12.135647
253,1,13.373816
253,2,14.133024
253,3,9.400837
253,4,9.569321
254,0,13.166923
254,1,12.831361
254,2,12.949888
254,3,11.240093
254,4,12.484177
255,0,12.420645
255,1,9.104651
255,2,12.574304
255,3,8.843735
255,4,12.348762
256,0,15.392046
256,1,13.392935
256,2,13.815298
256,3,10.508282
256,4,13.894160
257,0,12.469100
257,1,5.649250
257,2,8.860711
257,3,13.810387
257,4,12.252326
258,0,14.399787
258,1,14.033457
258,2,13.329713
258,3,14.546535
258,4,15.882946
259,0,11.976109
259,1,12.788079
259,2,12.632083
259,3,13.203567
259,4,6.947914
260,0,12.749722
260,1,5.498844
260,2,14.366101
260,3,11.672389
260,4,13.222247
261,0,11.518694
261,1,12.882764
261,2,13.327397
261,3,10.594231
261,4,12.503271
262,0,12.014494
262,1,8.147497
262,2,8.852610
262,3,11.981354
262,4,11.211761
263,0,12.052854
263,1,9.163624
263,2,14.149688
263,3,8.391304
263,4,12.695420
264,0,12.152096
264,1,12.243871
264,2,7.841620
264,3,10.812297
264,4,11.813901
265,0,11.756891
265,1,9.945852
265,2,6.266749
265,3,12.047947
265,4,10.897269
266,0,12.264312
266,1,10.777485
266,2,8.410587
266,3,13.769729
266,4,11.899418
267,0,12.297447
267,1,13.511261
267,2,8.946219
267,3,12.586858
267,4,14.583737
268,0,8.874145
268,1,8.817069
268,2,13.799719
268,3,12.317733
268,4,11.867502
269,0,11.378009
269,1,12.202778
269,2,8.232787
269,3,12.709525
269,4,11.928564
270,0,11.818596
270,1,12.898280
270,2,10.892057
270,3,12.918077
270,4,12.665148
271,0,9.081301
271,1,8.168511
271,2,11.022049
271,3,5.943681
271,4,10.922298
272,0,7.918609
272,1,8.677377
272,2,10.270263
272,3,6.060889
272,4,10.819400
273,0,16.023468
273,1,11.852097
273,2,13.710412
273,3,14.748270
273,4,14.836130
274,0,12.586426
274,1,12.563783
274,2,10.119926
274,3,13.085683
274,4,13.175778
275,0,6.552371
275,1,7.741442
275,2,11.634907
275,3,11.901882
275,4,11.008279
276,0,8.707263
276,1,10.990876
276,2,12.796513
276,3,13.018353
276,4,13.368537
277,0,14.542549
277,1,14.191729
277,2,15.858919
277,3,13.404940
277,4,13.894439
278,0,12.196772
278,1,13.639668
278,2,9.066947
278,3,13.573301
278,4,13.152117
279,0,11.603730
279,1,8.521249
279,2,9.317227
279,3,12.638726
279,4,13.805824
280,0,12.987829
280,1,11.560775
280,2,13.928521
280,3,14.007349
280,4,15.666459
281,0,6.245272
281,1,11.837469
281,2,12.172473
281,3,13.213763
281,4,13.169051
282,0,13.773538
282,1,13.173593
282,2,13.530337
282,3,15.376671
282,4,11.698557
283,0,15.585907
283,1,16.362058
283,2,13.284481
283,3,13.816864
283,4,14.803221
284,0,13.502010
284,1,15.237768
284,2,13.617848
284,3,11.103248
284,4,13.668050
285,0,13.020068
285,1,12.629557
285,2,12.079629
285,3,8.257643
285,4,12.096379
286,0,9.388682
286,1,13.239241
286,2,12.979700
286,3,12.590813
286,4,13.655111
287,0,9.227882
287,1,11.077929
287,2,12.716220
287,3,14.520045
287,4,13.210965
288,0,5.480363
288,1,11.880749
288,2,12.151063
288,3,9.276508
288,4,11.999445
289,0,11.597044
289,1,11.686443
289,2,8.221430
289,3,5.672425
289,4,10.835622
290,0,14.553703
290,1,11.757987
290,2,13.391066
290,3,12.810547
290,4,7.608203
291,0,12.404635
291,1,13.424084
291,2,5.819698
291,3,8.583184
291,4,11.718591
292,0,13.463206
292,1,11.269452
292,2,12.620590
292,3,14.593276
292,4,15.255886
293,0,6.600682
293,1,12.170082
293,2,12.029264
293,3,12.127316
293,4,7.817038
294,0,13.217661
294,1,13.443967
294,2,11.928875
294,3,12.804867
294,4,13.829345
295,0,12.263142
295,1,12.534720
295,2,11.623910
295,3,8.714783
295,4,12.834733
296,0,13.472420
296,1,14.077719
296,2,12.496765
296,3,14.065461
296,4,13.952912
297,0,12.567783
297,1,8.481310
297,2,13.898241
297,3,14.950986
297,4,11.833986
298,0,14.090936
298,1,13.805878
298,2,12.958852
298,3,13.922276
298,4,14.222205
299,0,12.689011
299,1,12.030696
299,2,7.316848
299,3,10.750704
299,4,12.757759
300,0,14.071577
300,1,9.135082
300,2,12.398878
300,3,11.446865
300,4,15.034242
301,0,8.713063
301,1,12.035948
301,2,12.473190
301,3,12.615151
301,4,9.991288
302,0,13.487459
302,1,13.890456
302,2,13.339310
302,3,9.426535
302,4,15.499177
303,0,12.464196
303,1,10.276150
303,2,14.181487
303,3,13.001478
303,4,10.143726
304,0,10.202464
304,1,6.061956
304,2,10.025911
304,3,8.074902
304,4,8.756748
305,0,5.836544
305,1,13.244213
305,2,11.042244
305,3,11.541849
305,4,9.059293
306,0,8.922191
306,1,11.767233
306,2,8.882818
306,3,12.101251
306,4,12.391484
307,0,12.484215
307,1,14.472362
307,2,13.250337
307,3,11.612309
307,4,6.244199
308,0,11.615089
308,1,5.891232
308,2,11.657113
308,3,10.238507
308,4,11.990743
309,0,11.603924
309,1,11.463018
309,2,5.992943
309,3,11.651954
309,4,9.094363
310,0,11.813014
310,1,5.823809
310,2,9.165322
310,3,11.686054
310,4,11.349961
311,0,5.928372
311,1,8.771860
311,2,10.851887
311,3,12.373970
311,4,8.861622
312,0,13.966859
312,1,14.289363
312,2,14.235488
312,3,15.502187
312,4,12.994017
313,0,15.054592
313,1,12.946989
313,2,14.014115
313,3,10.004901
313,4,12.773208
314,0,11.121919
314,1,8.601628
314,2,11.097501
314,3,7.372228
314,4,8.482888
315,0,14.199654
315,1,13.260143
315,2,12.816094
315,3,13.645540
315,4,11.737753
316,0,15.212390
316,1,9.429002
316,2,13.226997
316,3,12.769255
316,4,14.138517
317,0,8.765884
317,1,10.592782
317,2,11.073872
317,3,11.580090
317,4,5.837739
318,0,12.589499
318,1,10.884626
318,2,9.854919
318,3,11.991899
318,4,12.789970
319,0,13.368676
319,1,13.922038
319,2,13.664710
319,3,11.947589
319,4,14.193516
320,0,12.793107
320,1,11.628575
320,2,12.484966
320,3,8.028292
320,4,12.818825
321,0,12.425261
321,1,9.827926
321,2,14.758211
321,3,13.467722
321,4,13.423391
322,0,11.066741
322,1,5.961232
322,2,11.657676
322,3,9.070132
322,4,11.141630
323,0,8.832400
323,1,12.381873
323,2,5.402991
323,3,14.080009
323,4,12.601045
324,0,9.855147
324,1,13.768287
324,2,15.976282
324,3,13.980784
324,4,13.183867
325,0,13.843460
325,1,5.856688
325,2,11.367687
325,3,12.158433
325,4,11.156749
326,0,10.787555
326,1,7.161314
326,2,8.120954
326,3,9.154119
326,4,11.106151
327,0,9.983991
327,1,6.138639
327,2,13.622345
327,3,11.620309
327,4,12.087685
328,0,11.386150
328,1,9.394941
328,2,12.062790
328,3,12.089300
328,4,6.293602
329,0,11.599362
329,1,9.942844
329,2,11.955995
329,3,11.779321
329,4,10.549670
330,0,13.456270
330,1,13.067262
330,2,9.930651
330,3,13.126337
330,4,14.707016
331,0,13.163586
331,1,13.898551
331,2,14.962602
331,3,12.081399
331,4,12.338594
332,0,10.421203
332,1,8.184831
332,2,14.247823
332,3,12.808940
332,4,12.343267
333,0,9.077936
333,1,12.757862
333,2,12.606332
333,3,13.139241
333,4,13.390428
334,0,12.768637
334,1,8.730403
334,2,14.636238
334,3,12.622300
334,4,11.861426
335,0,15.301028
335,1,13.554181
335,2,12.385659
335,3,9.788750
335,4,14.268964
336,0,11.631618
336,1,13.112358
336,2,13.032299
336,3,7.235619
336,4,14.604216
337,0,13.468353
337,1,8.779932
337,2,11.457154
337,3,11.310397
337,4,5.771657
338,0,12.472491
338,1,11.279652
338,2,13.896807
338,3,9.407341
338,4,10.415486
339,0,12.182088
339,1,9.740545
339,2,11.430105
339,3,9.057348
339,4,12.612903
340,0,9.478380
340,1,12.761508
340,2,12.751723
340,3,12.247440
340,4,13.083203
341,0,6.042138
341,1,12.276145
341,2,10.382107
341,3,12.234441
341,4,12.491779
342,0,12.301658
342,1,13.479115
342,2,14.526775
342,3,14.743331
342,4,16.085114
343,0,8.901279
343,1,11.750797
343,2,11.810877
343,3,7.236590
343,4,11.212023
344,0,12.353459
344,1,7.962765
344,2,11.951530
344,3,11.099305
344,4,9.098938
345,0,12.637557
345,1,12.568953
345,2,9.251241
345,3,9.760329
345,4,12.847300
346,0,15.294870
346,1,9.173574
346,2,12.898669
346,3,13.432113
346,4,14.548340
347,0,11.232381
347,1,6.142653
347,2,11.680934
347,3,10.282009
347,4,10.840182
348,0,8.942424
348,1,12.120324
348,2,5.469166
348,3,11.980277
348,4,11.394340
349,0,5.874644
349,1,8.892394
349,2,11.139949
349,3,8.213598
349,4,12.680337
350,0,13.134984
350,1,8.945354
350,2,13.097207
350,3,12.398824
350,4,12.766935
351,0,12.844999
351,1,12.617157
351,2,10.315737
351,3,13.060657
351,4,11.155810
352,0,13.170083
352,1,11.769835
352,2,11.334528
352,3,13.006321
352,4,9.750142
353,0,12.817005
353,1,5.969608
353,2,10.304020
353,3,11.056394
353,4,9.278889
354,0,14.168076
354,1,14.782890
354,2,14.178879
354,3,14.332077
354,4,15.921482
355,0,15.004905
355,1,13.740067
355,2,13.259364
355,3,10.850408
355,4,13.094297
356,0,13.442651
356,1,8.369760
356,2,14.628140
356,3,12.098859
356,4,10.779966
357,0,8.704865
357,1,10.491317
357,2,9.152510
357,3,12.058027
357,4,11.552019
358,0,12.701112
358,1,6.015718
358,2,11.215492
358,3,9.305458
358,4,9.153524
359,0,11.774374
359,1,11.836502
359,2,9.439402
359,3,11.499608
359,4,5.856281
360,0,13.185484
360,1,12.422350
360,2,12.491706
360,3,10.842327
360,4,12.884848
361,0,12.725767
361,1,9.393635
361,2,11.083252
361,3,11.929210
361,4,14.300835
362,0,6.265411
362,1,11.587925
362,2,7.537783
362,3,13.501436
362,4,11.299781
363,0,12.252095
363,1,5.525877
363,2,12.078191
363,3,8.622134
363,4,13.888871
364,0,13.555400
364,1,13.428183
364,2,13.525296
364,3,12.559149
364,4,11.503837
365,0,7.140199
365,1,9.630884
365,2,11.233633
365,3,10.848185
365,4,11.439254
366,0,12.943791
366,1,11.791106
366,2,12.363685
366,3,5.837471
366,4,12.258784
367,0,15.137525
367,1,8.663956
367,2,13.570141
367,3,12.271580
367,4,13.916655
368,0,12.520460
368,1,8.276376
368,2,9.307167
368,3,14.339095
368,4,12.741347
369,0,11.672929
369,1,14.263841
369,2,8.386920
369,3,9.329021
369,4,13.124244
370,0,13.159172
370,1,13.387277
370,2,13.424010
370,3,10.780995
370,4,13.538976
371,0,9.525282
371,1,10.751544
371,2,5.894448
371,3,7.751282
371,4,10.760478
372,0,12.362857
372,1,13.915631
372,2,10.941764
372,3,12.179318
372,4,8.324937
373,0,9.576578
373,1,12.567621
373,2,12.656376
373,3,12.128893
373,4,10.539638
374,0,13.448080
374,1,12.441228
374,2,11.733766
374,3,13.740808
374,4,13.874492
375,0,10.941369
375,1,11.153079
375,2,5.633724
375,3,12.451219
375,4,13.774987
376,0,9.024436
376,1,12.232280
376,2,9.055970
376,3,11.898228
376,4,12.251951
377,0,9.616247
377,1,15.122976
377,2,14.072789
377,3,12.143924
377,4,13.773454
378,0,8.907810
378,1,5.661004
378,2,10.774974
378,3,11.694748
378,4,10.947919
379,0,12.693786
379,1,8.736745
379,2,11.861654
379,3,11.537487
379,4,13.011163
380,0,13.807631
380,1,12.935880
380,2,13.773218
380,3,13.654889
380,4,12.196959
381,0,14.612711
381,1,14.055964
381,2,14.119872
381,3,14.193717
381,4,13.679410
382,0,13.105713
382,1,11.716274
382,2,12.819031
382,3,8.262650
382,4,13.473080
383,0,11.567413
383,1,8.765694
383,2,10.679904
383,3,11.329317
383,4,7.000362
384,0,12.963219
384,1,12.608638
384,2,8.342425
384,3,13.252951
384,4,13.241457
385,0,12.059792
385,1,5.826941
385,2,12.198229
385,3,9.086539
385,4,11.649814
386,0,11.752023
386,1,13.734441
386,2,8.167892
386,3,5.900900
386,4,12.549454
387,0,9.201477
387,1,12.697515
387,2,8.564869
387,3,6.951870
387,4,11.400741
388,0,10.835080
388,1,10.365309
388,2,7.929440
388,3,6.602106
388,4,8.634011
389,0,9.400137
389,1,9.979485
389,2,10.257081
389,3,7.711030
389,4,7.381926
390,0,11.263243
390,1,10.637990
390,2,9.389545
390,3,6.040410
390,4,10.964914
391,0,13.164809
391,1,14.731981
391,2,11.402106
391,3,7.844259
391,4,13.328022
392,0,14.337317
392,1,16.404879
392,2,13.658761
392,3,15.428411
392,4,15.017483
393,0,8.647956
393,1,12.294873
393,2,12.407427
393,3,12.342675
393,4,8.415247
394,0,11.570000
394,1,5.764237
394,2,11.546572
394,3,9.317142
394,4,11.493903
395,0,11.407045
395,1,11.574880
395,2,10.652747
395,3,8.169046
395,4,5.728109
396,0,8.085888
396,1,10.796651
396,2,6.373817
396,3,13.104539
396,4,11.532345
397,0,13.385146
397,1,14.702322
397,2,12.741110
397,3,10.454077
397,4,12.450572
398,0,13.140627
398,1,14.668013
398,2,8.737249
398,3,13.390907
398,4,12.388528
399,0,11.866419
399,1,9.314307
399,2,12.128658
399,3,10.555212
399,4,8.023003
400,0,11.243871
400,1,5.975431
400,2,12.759872
400,3,10.196835
400,4,8.482790
401,0,11.035590
401,1,11.007164
401,2,8.187718
401,3,11.341556
401,4,6.389205
402,0,12.655270
402,1,14.242546
402,2,11.269799
402,3,6.251067
402,4,12.808252
403,0,11.140070
403,1,8.855743
403,2,8.379592
403,3,6.062524
403,4,10.951310
404,0,13.089077
404,1,15.212984
404,2,16.235708
404,3,14.091249
404,4,15.361240
405,0,11.003630
405,1,11.545655
405,2,11.755260
405,3,9.167874
405,4,5.685714
406,0,10.344493
406,1,11.388274
406,2,5.536628
406,3,9.079880
406,4,11.465698
407,0,5.761147
407,1,7.964461
407,2,9.951745
407,3,9.481321
407,4,10.263869
408,0,10.591901
408,1,11.046222
408,2,9.410173
408,3,5.247937
408,4,12.856572
409,0,11.610803
409,1,13.116617
409,2,5.830939
409,3,14.228211
409,4,12.507769
410,0,10.801100
410,1,12.336912
410,2,12.152676
410,3,9.575296
410,4,13.922719
411,0,10.113610
411,1,12.593229
411,2,9.777382
411,3,12.327290
411,4,11.539554
412,0,13.116049
412,1,11.190788
412,2,14.772912
412,3,13.309424
412,4,12.904126
413,0,8.986267
413,1,6.245527
413,2,9.155992
413,3,10.626392
413,4,10.129089
414,0,6.176165
414,1,11.784838
414,2,13.283088
414,3,8.795928
414,4,10.995507
415,0,14.576540
415,1,12.346246
415,2,6.143561
415,3,12.744287
415,4,13.031975
416,0,12.823722
416,1,13.089073
416,2,10.465420
416,3,12.083993
416,4,13.180285
417,0,7.442260
417,1,14.256567
417,2,12.256173
417,3,10.735660
417,4,13.068555
418,0,13.007374
418,1,5.642177
418,2,11.661036
418,3,14.145212
418,4,10.401423
419,0,12.014067
419,1,11.582144
419,2,11.266155
419,3,10.353378
419,4,10.507020
420,0,12.179661
420,1,11.871787
420,2,8.267474
420,3,9.246300
420,4,11.030382
421,0,12.585948
421,1,13.979774
421,2,11.655832
421,3,10.483260
421,4,10.470581
422,0,14.240637
422,1,14.439897
422,2,13.593710
422,3,14.331443
422,4,14.362499
423,0,13.477396
423,1,15.583149
423,2,11.771777
423,3,12.307073
423,4,14.389973
424,0,8.337545
424,1,11.667526
424,2,12.123412
424,3,10.596851
424,4,12.479617
425,0,9.039517
425,1,7.348330
425,2,11.880784
425,3,11.759129
425,4,11.113016
426,0,14.933031
426,1,14.191245
426,2,14.183702
426,3,13.531410
426,4,16.073544
427,0,12.913188
427,1,13.154663
427,2,12.779044
427,3,13.459622
427,4,9.370043
428,0,10.608543
428,1,13.001325
428,2,7.901340
428,3,5.599396
428,4,11.780228
429,0,12.813190
429,1,14.148666
429,2,9.402520
429,3,10.084944
429,4,13.021986
430,0,13.437078
430,1,14.348889
430,2,13.081278
430,3,9.570689
430,4,15.411326
431,0,13.905673
431,1,12.098070
431,2,12.110999
431,3,14.130022
431,4,13.502318
432,0,8.557255
432,1,12.434782
432,2,12.817190
432,3,15.008653
432,4,13.793685
433,0,11.060063
433,1,8.874659
433,2,11.016524
433,3,7.087273
433,4,9.040725
434,0,11.170635
434,1,12.283895
434,2,9.107435
434,3,13.836617
434,4,12.190208
435,0,6.520095
435,1,11.154448
435,2,11.014162
435,3,9.032409
435,4,7.566927
436,0,12.514423
436,1,10.961836
436,2,8.699698
436,3,13.732714
436,4,11.184047
437,0,12.960263
437,1,15.362944
437,2,14.581385
437,3,14.094068
437,4,9.668221
438,0,13.460858
438,1,13.765867
438,2,12.534004
438,3,14.315157
438,4,13.273955
439,0,6.274041
439,1,8.637096
439,2,8.132017
439,3,10.999816
439,4,11.041171
440,0,13.342588
440,1,12.116784
440,2,8.284372
440,3,13.270601
440,4,13.691510
441,0,9.105748
441,1,11.314358
441,2,8.998209
441,3,14.130023
441,4,13.090323
442,0,9.845963
442,1,7.671048
442,2,12.006689
442,3,12.700323
442,4,12.193819
443,0,11.755548
443,1,13.096825
443,2,8.370022
443,3,12.721467
443,4,13.343667
444,0,13.450864
444,1,12.120117
444,2,12.204355
444,3,9.121950
444,4,7.252134
445,0,10.132182
445,1,12.946814
445,2,12.894361
445,3,13.376861
445,4,13.264736
446,0,13.902405
446,1,13.270924
446,2,10.476619
446,3,13.271092
446,4,13.273422
447,0,8.526415
447,1,11.154613
447,2,5.795252
447,3,11.001341
447,4,11.669277
448,0,12.751005
448,1,12.716801
448,2,6.436382
448,3,12.046702
448,4,12.049013
449,0,11.240978
449,1,8.369689
449,2,13.172127
449,3,12.788044
449,4,11.853689
450,0,12.944173
450,1,9.277861
450,2,12.820630
450,3,15.231256
450,4,14.369364
451,0,11.981962
451,1,5.423084
451,2,11.272107
451,3,12.916523
451,4,12.635020
452,0,13.475895
452,1,15.164777
452,2,13.250906
452,3,9.499427
452,4,13.986786
453,0,6.544525
453,1,8.396946
453,2,9.934877
453,3,10.597594
453,4,8.532473
454,0,9.394317
454,1,11.839861
454,2,11.569767
454,3,11.116598
454,4,10.370339
455,0,14.739837
455,1,14.927134
455,2,14.289623
455,3,15.953977
455,4,14.528068
456,0,6.122032
456,1,8.088919
456,2,11.587284
456,3,11.674784
456,4,10.237932
457,0,9.808835
457,1,9.109686
457,2,10.390752
457,3,8.740098
457,4,7.359119
458,0,15.258393
458,1,13.833556
458,2,13.942297
458,3,16.189217
458,4,14.033050
459,0,13.331798
459,1,12.919630
459,2,11.717412
459,3,11.602770
459,4,13.178111
460,0,13.627544
460,1,7.934233
460,2,13.457968
460,3,12.830607
460,4,13.040760
461,0,14.794707
461,1,13.020882
461,2,9.472050
461,3,13.615191
461,4,12.904388
462,0,5.945126
462,1,10.763921
462,2,12.294818
462,3,8.404595
462,4,8.565614
463,0,13.785742
463,1,16.247515
463,2,14.044685
463,3,15.227232
463,4,13.678320
464,0,9.082659
464,1,6.499731
464,2,12.074961
464,3,13.728728
464,4,11.922135
465,0,5.976480
465,1,11.129212
465,2,13.929634
465,3,12.290834
465,4,11.860606
466,0,12.171683
466,1,13.604917
466,2,8.741934
466,3,5.626126
466,4,12.257807
467,0,5.836322
467,1,10.466678
467,2,11.153566
467,3,11.570658
467,4,11.235888
468,0,12.832146
468,1,14.031847
468,2,13.158022
468,3,9.089516
468,4,15.025655
469,0,16.243372
469,1,12.748415
469,2,14.744773
469,3,15.482806
469,4,14.417949
470,0,13.655633
470,1,9.558638
470,2,12.395518
470,3,7.235632
470,4,11.796949
471,0,13.499182
471,1,9.823992
471,2,7.943587
471,3,13.056621
471,4,14.280832
472,0,11.508852
472,1,5.924065
472,2,9.656373
472,3,11.844169
472,4,13.383708
473,0,11.762802
473,1,8.998881
473,2,13.498619
473,3,12.229666
473,4,5.915268
474,0,8.473549
474,1,10.432043
474,2,5.702168
474,3,11.241314
474,4,10.668307
475,0,14.805627
475,1,11.680535
475,2,13.446657
475,3,9.375188
475,4,12.852832
476,0,13.572629
476,1,15.006514
476,2,10.233743
476,3,13.553322
476,4,13.041883
477,0,12.967202
477,1,9.610893
477,2,8.638732
477,3,14.009131
477,4,11.530550
478,0,13.258118
478,1,6.110849
478,2,11.023555
478,3,9.736355
478,4,11.971066
479,0,13.290342
479,1,9.449727
479,2,11.752674
479,3,6.209269
479,4,11.682051
480,0,10.285540
480,1,7.307002
480,2,8.583303
480,3,7.617111
480,4,9.632153
481,0,12.093669
481,1,8.075676
481,2,11.861202
481,3,11.107804
481,4,9.665838
482,0,5.645889
482,1,13.316382
482,2,13.274427
482,3,14.801197
482,4,13.623542
483,0,15.154325
483,1,13.406079
483,2,8.908081
483,3,14.047595
483,4,13.287554
484,0,11.789027
484,1,11.657377
484,2,11.931167
484,3,10.283871
484,4,5.750269
485,0,12.316216
485,1,13.444230
485,2,9.154937
485,3,13.030837
485,4,11.373861
486,0,8.061461
486,1,10.120664
486,2,11.356510
486,3,11.412811
486,4,7.109313
487,0,11.120704
487,1,7.603780
487,2,12.996376
487,3,11.517277
487,4,6.556134
488,0,11.111158
488,1,5.324360
488,2,11.495650
488,3,10.468814
488,4,8.188838
489,0,5.575939
489,1,10.951215
489,2,8.361592
489,3,8.296889
489,4,10.970221
490,0,6.099889
490,1,14.209250
490,2,10.685768
490,3,11.685880
490,4,12.905436
491,0,9.655291
491,1,11.677714
491,2,10.940343
491,3,12.232813
491,4,9.391699
492,0,12.016511
492,1,12.083034
492,2,12.232025
492,3,8.896285
492,4,6.338801
493,0,12.911368
493,1,11.685584
493,2,12.479916
493,3,11.697683
493,4,6.218668
494,0,11.857986
494,1,5.717781
494,2,11.433415
494,3,11.812035
494,4,9.042782
495,0,7.934688
495,1,7.263418
495,2,11.568265
495,3,11.693230
495,4,13.164238
496,0,13.869524
496,1,12.626601
496,2,11.909518
496,3,13.233594
496,4,9.974818
497,0,14.777642
497,1,11.085711
497,2,9.696135
497,3,12.829739
497,4,13.742321
498,0,11.605677
498,1,11.965379
498,2,9.405864
498,3,10.310409
498,4,11.212473
499,0,13.000036
499,1,14.340881
499,2,15.652771
499,3,14.050026
499,4,13.074746
500,0,8.919333
500,1,14.872888
500,2,13.700870
500,3,13.626754
500,4,13.175110
